Workbook

Sheet Sheet1
A1: SN | B1: Electricity Number | C1: From | D1: To | E1: Asset Tag | F1: Field Tag | G1: GPS | H1: Area | I1: Zone | J1: Street | K1: Coordinates
A2: 1 | B2: 1252411 | C2: 46070.312 | D2: 46070.521 | E2: {=IF(B2="","",XLOOKUP($B2,Sheet2!$I:$I,Sheet2!$T:$T,""))} | F2: {=IF($B2="","",XLOOKUP($B2,Sheet2!$I:$I,Sheet2!$E:$E,""))} | G2: {=IF($B2="","",XLOOKUP($B2,Sheet2!$I:$I,Sheet2!$C:$C,""))} | H2: West Bay (Al Doha Al Hadetha) | I2: 69 | J2: 100 | K2: 25.390900, 51.518883
A3: 2 | B3: 906994 | C3: 46075.312 | D3: 46075.604 | E3: {=IF(B3="","",XLOOKUP($B3,Sheet2!$I:$I,Sheet2!$T:$T,""))} | F3: {=IF($B3="","",XLOOKUP($B3,Sheet2!$I:$I,Sheet2!$E:$E,""))} | G3: {=IF($B3="","",XLOOKUP($B3,Sheet2!$I:$I,Sheet2!$C:$C,""))} | H3: Al Gharrafa / Bani Hajer | I3: 51 | J3: 720 | K3: 25.330952, 51.463870
A4: 3 | B4: 1413363 | C4: 46075.312 | D4: 46075.604 | E4: {=IF(B4="","",XLOOKUP($B4,Sheet2!$I:$I,Sheet2!$T:$T,""))} | F4: {=IF($B4="","",XLOOKUP($B4,Sheet2!$I:$I,Sheet2!$E:$E,""))} | G4: {=IF($B4="","",XLOOKUP($B4,Sheet2!$I:$I,Sheet2!$C:$C,""))} | H4: Al Gharrafa / Bani Hajer | I4: 51 | J4: 720 | K4: 25.331254, 51.463825
A5: 4 | B5: 1407987 | C5: 46076.312 | D5: 46076.604 | E5: {=IF(B5="","",XLOOKUP($B5,Sheet2!$I:$I,Sheet2!$T:$T,""))} | F5: {=IF($B5="","",XLOOKUP($B5,Sheet2!$I:$I,Sheet2!$E:$E,""))} | G5: {=IF($B5="","",XLOOKUP($B5,Sheet2!$I:$I,Sheet2!$C:$C,""))} | H5: Industrial Area | I5: 57 | J5: 38 | K5: 25.182765, 51.449207
A6: 5 | B6: 907085 | C6: 46076.312 | D6: 46076.604 | E6: {=IF(B6="","",XLOOKUP($B6,Sheet2!$I:$I,Sheet2!$T:$T,""))} | F6: {=IF($B6="","",XLOOKUP($B6,Sheet2!$I:$I,Sheet2!$E:$E,""))} | G6: {=IF($B6="","",XLOOKUP($B6,Sheet2!$I:$I,Sheet2!$C:$C,""))} | H6: Al-Kheesa | I6: 70 | J6: 970 | K6: 25.382497, 51.477593
A7: 6 | B7: 1284934 | C7: 46079.375 | D7: 46079.458 | E7: {=IF(B7="","",XLOOKUP($B7,Sheet2!$I:$I,Sheet2!$T:$T,""))} | F7: {=IF($B7="","",XLOOKUP($B7,Sheet2!$I:$I,Sheet2!$E:$E,""))} | G7: {=IF($B7="","",XLOOKUP($B7,Sheet2!$I:$I,Sheet2!$C:$C,""))} | H7: Al-Kheesa | I7: 70 | J7: 879 | K7: 25.643664, 51.484475,25.645532, 51.478757,25.643653, 51.487906,25.646349, 51.479198,25.645017, 51.481277,25.645489, 51.481880,25.640784, 51.486730,25.637950, 51.488171,25.647570, 51.476258 | L7: ,
A8: 7 | B8: 1364567 | C8: 46097.333 | D8: 46097.417 | E8: {=IF(B8="","",XLOOKUP($B8,Sheet2!$I:$I,Sheet2!$T:$T,""))} | F8: {=IF($B8="","",XLOOKUP($B8,Sheet2!$I:$I,Sheet2!$E:$E,""))} | G8: {=IF($B8="","",XLOOKUP($B8,Sheet2!$I:$I,Sheet2!$C:$C,""))} | H8: Al Gharrafa / Bani Hajer | I8: 51 | J8: 1298 | K8: 25.351703, 51.395831
A9: 8 | B9: 1356764 | C9: 46095.406 | D9: 46095.427 | E9: {=IF(B9="","",XLOOKUP($B9,Sheet2!$I:$I,Sheet2!$T:$T,""))} | F9: {=IF($B9="","",XLOOKUP($B9,Sheet2!$I:$I,Sheet2!$E:$E,""))} | G9: {=IF($B9="","",XLOOKUP($B9,Sheet2!$I:$I,Sheet2!$C:$C,""))} | H9: Madinat Khalifa (south) | I9: 32 | J9: 370 | K9: 25.322016, 51.474363
A10: 9 | B10: 1088219 | C10: 46107.271 | D10: 46107.604 | E10: {=IF(B10="","",XLOOKUP($B10,Sheet2!$I:$I,Sheet2!$T:$T,""))} | F10: {=IF($B10="","",XLOOKUP($B10,Sheet2!$I:$I,Sheet2!$E:$E,""))} | G10: {=IF($B10="","",XLOOKUP($B10,Sheet2!$I:$I,Sheet2!$C:$C,""))} | H10: West Bay (Al-Doha Al-Hadetha) | I10: 66 | J10: 18 | K10: 25.361743, 51.509908
A11: 10 | B11: 1387118 | C11: 46107.292 | D11: 46107.458 | E11: {=IF(B11="","",XLOOKUP($B11,Sheet2!$I:$I,Sheet2!$T:$T,""))} | F11: {=IF($B11="","",XLOOKUP($B11,Sheet2!$I:$I,Sheet2!$E:$E,""))} | G11: {=IF($B11="","",XLOOKUP($B11,Sheet2!$I:$I,Sheet2!$C:$C,""))} | H11: Umm slal / Khreteat | I11: 71 | J11: 39 | K11: 25.366980, 51.430446
A12: 11 | B12: 1353295 | C12: 46107.271 | D12: 46107.583 | E12: {=IF(B12="","",XLOOKUP($B12,Sheet2!$I:$I,Sheet2!$T:$T,""))} | F12: {=IF($B12="","",XLOOKUP($B12,Sheet2!$I:$I,Sheet2!$E:$E,""))} | G12: {=IF($B12="","",XLOOKUP($B12,Sheet2!$I:$I,Sheet2!$C:$C,""))} | H12: Al Soudan-S/Al Aziziya/Al Ghan | I12: 55 | J12: 509 | K12: 25.249431, 51.447574
A13: 12 | B13: 1009761 | C13: 46107.271 | D13: 46107.583 | E13: {=IF(B13="","",XLOOKUP($B13,Sheet2!$I:$I,Sheet2!$T:$T,""))} | F13: {=IF($B13="","",XLOOKUP($B13,Sheet2!$I:$I,Sheet2!$E:$E,""))} | G13: {=IF($B13="","",XLOOKUP($B13,Sheet2!$I:$I,Sheet2!$C:$C,""))} | H13: Industrial Area | I13: 57 | J13: 1 | K13: 25.211705, 51.419186
A14: 13 | B14: 1393575 | C14: 46107.292 | D14: 46107.458 | E14: {=IF(B14="","",XLOOKUP($B14,Sheet2!$I:$I,Sheet2!$T:$T,""))} | F14: {=IF($B14="","",XLOOKUP($B14,Sheet2!$I:$I,Sheet2!$E:$E,""))} | G14: {=IF($B14="","",XLOOKUP($B14,Sheet2!$I:$I,Sheet2!$C:$C,""))} | H14: Al-Wkeer | I14: 91 | J14: 212 | K14: 25.184965, 51.568818
A15: 14 | B15: 1391140 | C15: 46107.292 | D15: 46107.458 | E15: {=IF(B15="","",XLOOKUP($B15,Sheet2!$I:$I,Sheet2!$T:$T,""))} | F15: {=IF($B15="","",XLOOKUP($B15,Sheet2!$I:$I,Sheet2!$E:$E,""))} | G15: {=IF($B15="","",XLOOKUP($B15,Sheet2!$I:$I,Sheet2!$C:$C,""))} | H15: Al-Wkeer | I15: 91 | J15: 212 | K15: 25.185044, 51.568823
A16: 15 | B16: 1395103 | C16: 46107.271 | D16: 46107.583 | E16: {=IF(B16="","",XLOOKUP($B16,Sheet2!$I:$I,Sheet2!$T:$T,""))} | F16: {=IF($B16="","",XLOOKUP($B16,Sheet2!$I:$I,Sheet2!$E:$E,""))} | G16: {=IF($B16="","",XLOOKUP($B16,Sheet2!$I:$I,Sheet2!$C:$C,""))} | H16: Al-Kheesa | I16: 70 | J16: 590 | K16: 25.414359, 51.440747
A17: 16 | B17: 1365673 | C17: 46105.539 | D17: 46105.539 | E17: {=IF(B17="","",XLOOKUP($B17,Sheet2!$I:$I,Sheet2!$T:$T,""))} | F17: {=IF($B17="","",XLOOKUP($B17,Sheet2!$I:$I,Sheet2!$E:$E,""))} | H17: Al-Mergab - Al-Naser | I17: 39 | J17: 231 | K17: 25.275834, 51.508278
A18: 17 | B18: 1273538 | C18: 46106.292 | D18: 46106.5 | E18: {=IF(B18="","",XLOOKUP($B18,Sheet2!$I:$I,Sheet2!$T:$T,""))} | F18: {=IF($B18="","",XLOOKUP($B18,Sheet2!$I:$I,Sheet2!$E:$E,""))} | G18: {=IF($B18="","",XLOOKUP($B18,Sheet2!$I:$I,Sheet2!$C:$C,""))} | H18: Al-Wkeer | I18: 91 | J18: 100 | K18: 25.180244, 51.581228
A19: 18 | B19: 1353727 | C19: 46106.292 | D19: 46106.583 | E19: {=IF(B19="","",XLOOKUP($B19,Sheet2!$I:$I,Sheet2!$T:$T,""))} | F19: {=IF($B19="","",XLOOKUP($B19,Sheet2!$I:$I,Sheet2!$E:$E,""))} | G19: {=IF($B19="","",XLOOKUP($B19,Sheet2!$I:$I,Sheet2!$C:$C,""))} | H19: Al Roodah | I19: 46 | J19: 800 | K19: 25.236635, 51.548794
A20: 19 | B20: 1390152 | C20: 46106.417 | D20: 46106.583 | E20: {=IF(B20="","",XLOOKUP($B20,Sheet2!$I:$I,Sheet2!$T:$T,""))} | F20: {=IF($B20="","",XLOOKUP($B20,Sheet2!$I:$I,Sheet2!$E:$E,""))} | G20: {=IF($B20="","",XLOOKUP($B20,Sheet2!$I:$I,Sheet2!$C:$C,""))} | H20: Al Gharrafa / Bani Hajer | I20: 51 | J20: 191 | K20: 25.364557, 51.426855
A21: 20 | B21: 1354115 | C21: 46106.417 | D21: 46106.583 | E21: {=IF(B21="","",XLOOKUP($B21,Sheet2!$I:$I,Sheet2!$T:$T,""))} | F21: {=IF($B21="","",XLOOKUP($B21,Sheet2!$I:$I,Sheet2!$E:$E,""))} | G21: {=IF($B21="","",XLOOKUP($B21,Sheet2!$I:$I,Sheet2!$C:$C,""))} | H21: Al-Gwerea | I21: 76 | J21: 818 | K21: 25.827171, 51.246183
A22: 21 | B22: 1453309 | C22: 46106.292 | D22: 46106.458 | E22: {=IF(B22="","",XLOOKUP($B22,Sheet2!$I:$I,Sheet2!$T:$T,""))} | F22: {=IF($B22="","",XLOOKUP($B22,Sheet2!$I:$I,Sheet2!$E:$E,""))} | G22: {=IF($B22="","",XLOOKUP($B22,Sheet2!$I:$I,Sheet2!$C:$C,""))} | H22: Al-Wkeer | I22: 91 | J22: 212 | K22: 25.176247, 51.568940
A23: 22 | B23: 1413765 | C23: 46106.292 | D23: 46106.458 | E23: {=IF(B23="","",XLOOKUP($B23,Sheet2!$I:$I,Sheet2!$T:$T,""))} | F23: {=IF($B23="","",XLOOKUP($B23,Sheet2!$I:$I,Sheet2!$E:$E,""))} | G23: {=IF($B23="","",XLOOKUP($B23,Sheet2!$I:$I,Sheet2!$C:$C,""))} | H23: Al-Wkeer | I23: 91 | J23: 212 | K23: 25.171078, 51.569446
A24: 23 | B24: 1453310 | C24: 46106.292 | D24: 46106.458 | E24: {=IF(B24="","",XLOOKUP($B24,Sheet2!$I:$I,Sheet2!$T:$T,""))} | F24: {=IF($B24="","",XLOOKUP($B24,Sheet2!$I:$I,Sheet2!$E:$E,""))} | G24: {=IF($B24="","",XLOOKUP($B24,Sheet2!$I:$I,Sheet2!$C:$C,""))} | H24: Al-Wkeer | I24: 91 | J24: 212 | K24: 25.174059, 51.569044
A25: 24 | B25: 1413846 | C25: 46106.292 | D25: 46106.458 | E25: {=IF(B25="","",XLOOKUP($B25,Sheet2!$I:$I,Sheet2!$T:$T,""))} | F25: {=IF($B25="","",XLOOKUP($B25,Sheet2!$I:$I,Sheet2!$E:$E,""))} | G25: {=IF($B25="","",XLOOKUP($B25,Sheet2!$I:$I,Sheet2!$C:$C,""))} | H25: West Bay (Al-Doha Al-Hadetha) | I25: 91 | J25: 212 | K25: 25.173571, 51.568709
A26: 25 | B26: 1393425 | C26: 46106.271 | D26: 46106.583 | E26: {=IF(B26="","",XLOOKUP($B26,Sheet2!$I:$I,Sheet2!$T:$T,""))} | F26: {=IF($B26="","",XLOOKUP($B26,Sheet2!$I:$I,Sheet2!$E:$E,""))} | G26: {=IF($B26="","",XLOOKUP($B26,Sheet2!$I:$I,Sheet2!$C:$C,""))} | H26: Al Soudan-S/Al Aziziya/Al Ghan | I26: 55 | J26: 971 | K26: 25.263084, 51.409587
A27: 26 | B27: 1391201 | C27: 46110.312 | D27: 46110.604 | E27: {=IF(B27="","",XLOOKUP($B27,Sheet2!$I:$I,Sheet2!$T:$T,""))} | F27: {=IF($B27="","",XLOOKUP($B27,Sheet2!$I:$I,Sheet2!$E:$E,""))} | G27: {=IF($B27="","",XLOOKUP($B27,Sheet2!$I:$I,Sheet2!$C:$C,""))} | H27: Industrial Area | I27: 57 | J27: 115 | K27: 25.179022, 51.451877
A28: 27 | B28: 1391271 | C28: 46110.292 | D28: 46110.583 | E28: {=IF(B28="","",XLOOKUP($B28,Sheet2!$I:$I,Sheet2!$T:$T,""))} | F28: {=IF($B28="","",XLOOKUP($B28,Sheet2!$I:$I,Sheet2!$E:$E,""))} | G28: {=IF($B28="","",XLOOKUP($B28,Sheet2!$I:$I,Sheet2!$C:$C,""))} | H28: Industrial Area | I28: 57 | J28: 10 | K28: 25.210534, 51.434587
A29: 28 | B29: 1270820 | C29: 46110.271 | D29: 46110.583 | E29: {=IF(B29="","",XLOOKUP($B29,Sheet2!$I:$I,Sheet2!$T:$T,""))} | F29: {=IF($B29="","",XLOOKUP($B29,Sheet2!$I:$I,Sheet2!$E:$E,""))} | G29: {=IF($B29="","",XLOOKUP($B29,Sheet2!$I:$I,Sheet2!$C:$C,""))} | H29: Al-Thekhera | I29: 75 | J29: 82 | K29: 25.784933, 51.566897
A30: 29 | B30: 1394996 | C30: 46107.458 | D30: 46107.583 | E30: {=IF(B30="","",XLOOKUP($B30,Sheet2!$I:$I,Sheet2!$T:$T,""))} | F30: {=IF($B30="","",XLOOKUP($B30,Sheet2!$I:$I,Sheet2!$E:$E,""))} | G30: {=IF($B30="","",XLOOKUP($B30,Sheet2!$I:$I,Sheet2!$C:$C,""))} | H30: Al-Mamoura - Ain Khaled - Al-K | I30: 56 | J30: 604 | K30: 25.229228, 51.481781
A31: 30 | B31: 1398618 | C31: 46110.271 | D31: 46110.583 | E31: {=IF(B31="","",XLOOKUP($B31,Sheet2!$I:$I,Sheet2!$T:$T,""))} | F31: {=IF($B31="","",XLOOKUP($B31,Sheet2!$I:$I,Sheet2!$E:$E,""))} | G31: {=IF($B31="","",XLOOKUP($B31,Sheet2!$I:$I,Sheet2!$C:$C,""))} | H31: Fwert - Al-jasasea | I31: 77 | K31: 25.992448, 51.396887
A32: 31 | B32: 1395103 | C32: 46107.271 | D32: 46107.583 | E32: {=IF(B32="","",XLOOKUP($B32,Sheet2!$I:$I,Sheet2!$T:$T,""))} | F32: {=IF($B32="","",XLOOKUP($B32,Sheet2!$I:$I,Sheet2!$E:$E,""))} | G32: {=IF($B32="","",XLOOKUP($B32,Sheet2!$I:$I,Sheet2!$C:$C,""))} | H32: Abu -Nakla/ Mkeens | I32: 70 | J32: 590 | K32: 25.414359, 51.440747 | L32: Cancelled
A33: 32 | B33: 1353295 | C33: 46107.271 | D33: 46107.583 | E33: {=IF(B33="","",XLOOKUP($B33,Sheet2!$I:$I,Sheet2!$T:$T,""))} | F33: {=IF($B33="","",XLOOKUP($B33,Sheet2!$I:$I,Sheet2!$E:$E,""))} | G33: {=IF($B33="","",XLOOKUP($B33,Sheet2!$I:$I,Sheet2!$C:$C,""))} | H33: Abu -Nakla/ Mkeens | I33: 55 | J33: 509 | K33: 25.249431, 51.447574 | L33: Cancelled
A34: 33 | B34: 1009761 | C34: 46107.271 | D34: 46107.583 | E34: {=IF(B34="","",XLOOKUP($B34,Sheet2!$I:$I,Sheet2!$T:$T,""))} | F34: {=IF($B34="","",XLOOKUP($B34,Sheet2!$I:$I,Sheet2!$E:$E,""))} | G34: {=IF($B34="","",XLOOKUP($B34,Sheet2!$I:$I,Sheet2!$C:$C,""))} | H34: Abu -Nakla/ Mkeens | I34: 57 | J34: 1 | K34: 25.211705, 51.419186 | L34: cancelled
A35: 34 | B35: 1373070 | C35: 46111.271 | D35: 46111.583 | E35: {=IF(B35="","",XLOOKUP($B35,Sheet2!$I:$I,Sheet2!$T:$T,""))} | F35: {=IF($B35="","",XLOOKUP($B35,Sheet2!$I:$I,Sheet2!$E:$E,""))} | G35: {=IF($B35="","",XLOOKUP($B35,Sheet2!$I:$I,Sheet2!$C:$C,""))} | H35: Al-Krara | I35: 95 | J35: 204 | K35: 24.901916, 51.176422
A36: 35 | B36: 1353378 | C36: 46111.292 | D36: 46111.583 | E36: {=IF(B36="","",XLOOKUP($B36,Sheet2!$I:$I,Sheet2!$T:$T,""))} | F36: {=IF($B36="","",XLOOKUP($B36,Sheet2!$I:$I,Sheet2!$E:$E,""))} | G36: {=IF($B36="","",XLOOKUP($B36,Sheet2!$I:$I,Sheet2!$C:$C,""))} | H36: Abu -Nakla/ Mkeens | I36: 81 | J36: 324 | K36: 25.183665, 51.376020
A37: 36 | B37: 1373781 | C37: 46112.417 | D37: 46112.604 | E37: {=IF(B37="","",XLOOKUP($B37,Sheet2!$I:$I,Sheet2!$T:$T,""))} | F37: {=IF($B37="","",XLOOKUP($B37,Sheet2!$I:$I,Sheet2!$E:$E,""))} | G37: {=IF($B37="","",XLOOKUP($B37,Sheet2!$I:$I,Sheet2!$C:$C,""))} | H37: Al-Khoor | I37: 74 | J37: 571 | K37: 25.664927, 51.497221
A38: 37 | B38: 1365905 | C38: 46112.312 | D38: 46112.604 | E38: {=IF(B38="","",XLOOKUP($B38,Sheet2!$I:$I,Sheet2!$T:$T,""))} | F38: {=IF($B38="","",XLOOKUP($B38,Sheet2!$I:$I,Sheet2!$E:$E,""))} | G38: {=IF($B38="","",XLOOKUP($B38,Sheet2!$I:$I,Sheet2!$C:$C,""))} | H38: Umm slal / Khreteat | I38: 71 | J38: 270 | K38: 25.542574, 51.408294
A39: 38 | B39: 1131539 | C39: 46113.417 | D39: 46113.604 | E39: {=IF(B39="","",XLOOKUP($B39,Sheet2!$I:$I,Sheet2!$T:$T,""))} | F39: {=IF($B39="","",XLOOKUP($B39,Sheet2!$I:$I,Sheet2!$E:$E,""))} | G39: {=IF($B39="","",XLOOKUP($B39,Sheet2!$I:$I,Sheet2!$C:$C,""))} | H39: Umm slal / Khreteat | I39: 51 | J39: 1755 | K39: 25.340824, 51.364530
A40: 39 | B40: 1353611 | C40: 46113.417 | D40: 46113.604 | E40: {=IF(B40="","",XLOOKUP($B40,Sheet2!$I:$I,Sheet2!$T:$T,""))} | F40: {=IF($B40="","",XLOOKUP($B40,Sheet2!$I:$I,Sheet2!$E:$E,""))} | G40: {=IF($B40="","",XLOOKUP($B40,Sheet2!$I:$I,Sheet2!$C:$C,""))} | H40: Al Gharrafa / Bani Hajer | I40: 51 | J40: 819 | K40: 25.353766, 51.439875
A41: 40 | B41: 1378925 | C41: 46113.271 | D41: 46113.604 | E41: {=IF(B41="","",XLOOKUP($B41,Sheet2!$I:$I,Sheet2!$T:$T,""))} | F41: {=IF($B41="","",XLOOKUP($B41,Sheet2!$I:$I,Sheet2!$E:$E,""))} | G41: {=IF($B41="","",XLOOKUP($B41,Sheet2!$I:$I,Sheet2!$C:$C,""))} | H41: Al-Thekhera | I41: 75 | J41: 1034 | K41: 25.748008, 51.404852,25.748930, 51.442863,25.740681, 51.445363,25.744398, 51.431644,25.736578, 51.438821,25.738369, 51.429412,25.742267, 51.408970,25.738382, 51.417547 | L41: -
A42: 41 | B42: 1440164 | C42: 46113.292 | D42: 46113.604 | E42: {=IF(B42="","",XLOOKUP($B42,Sheet2!$I:$I,Sheet2!$T:$T,""))} | F42: {=IF($B42="","",XLOOKUP($B42,Sheet2!$I:$I,Sheet2!$E:$E,""))} | G42: {=IF($B42="","",XLOOKUP($B42,Sheet2!$I:$I,Sheet2!$C:$C,""))} | H42: Al-Wakra | I42: 90 | J42: 1023 | K42: 25.147266, 51.586508
A43: 42 | B43: 1439088 | C43: 46113.292 | D43: 46113.583 | E43: {=IF(B43="","",XLOOKUP($B43,Sheet2!$I:$I,Sheet2!$T:$T,""))} | F43: {=IF($B43="","",XLOOKUP($B43,Sheet2!$I:$I,Sheet2!$E:$E,""))} | G43: {=IF($B43="","",XLOOKUP($B43,Sheet2!$I:$I,Sheet2!$C:$C,""))} | H43: Al-Wakra | I43: 90 | J43: 1023 | K43: 25.147290, 51.586482
A44: 43 | B44: 1284682 | C44: 46113.292 | D44: 46113.542 | E44: {=IF(B44="","",XLOOKUP($B44,Sheet2!$I:$I,Sheet2!$T:$T,""))} | F44: {=IF($B44="","",XLOOKUP($B44,Sheet2!$I:$I,Sheet2!$E:$E,""))} | G44: {=IF($B44="","",XLOOKUP($B44,Sheet2!$I:$I,Sheet2!$C:$C,""))} | H44: Al-Kheesa | I44: 70 | J44: 1704/Bui-67 | K44: 25.484792, 51.463862
A45: 44 | B45: 1348542 | C45: 46113.292 | D45: 46113.542 | E45: {=IF(B45="","",XLOOKUP($B45,Sheet2!$I:$I,Sheet2!$T:$T,""))} | F45: {=IF($B45="","",XLOOKUP($B45,Sheet2!$I:$I,Sheet2!$E:$E,""))} | G45: {=IF($B45="","",XLOOKUP($B45,Sheet2!$I:$I,Sheet2!$C:$C,""))} | H45: Al-Kheesa | I45: 70 | J45: - | K45: 25.485072, 51.464747
A46: 45 | B46: 1284010 | C46: 46113.271 | D46: 46113.583 | E46: {=IF(B46="","",XLOOKUP($B46,Sheet2!$I:$I,Sheet2!$T:$T,""))} | F46: {=IF($B46="","",XLOOKUP($B46,Sheet2!$I:$I,Sheet2!$E:$E,""))} | G46: {=IF($B46="","",XLOOKUP($B46,Sheet2!$I:$I,Sheet2!$C:$C,""))} | H46: Al Mamoura Ain khalid | I46: 56 | J46: 555 | K46: 25.246432, 51.483035
A47: 46 | B47: 1400102 | C47: 46117.312 | D47: 46117.604 | E47: {=IF(B47="","",XLOOKUP($B47,Sheet2!$I:$I,Sheet2!$T:$T,""))} | F47: {=IF($B47="","",XLOOKUP($B47,Sheet2!$I:$I,Sheet2!$E:$E,""))} | G47: {=IF($B47="","",XLOOKUP($B47,Sheet2!$I:$I,Sheet2!$C:$C,""))} | H47: Al Gharrafa / Bani Hajer | I47: 51 | J47: 950 | K47: 25.363435, 51.426239
A48: 47 | B48: 1414258 | C48: 46117.333 | D48: 46117.583 | E48: {=IF(B48="","",XLOOKUP($B48,Sheet2!$I:$I,Sheet2!$T:$T,""))} | F48: {=IF($B48="","",XLOOKUP($B48,Sheet2!$I:$I,Sheet2!$E:$E,""))} | G48: {=IF($B48="","",XLOOKUP($B48,Sheet2!$I:$I,Sheet2!$C:$C,""))} | H48: Al-wakeer | I48: 91 | J48: 212 | K48: 25.179944, 51.568413
A49: 48 | B49: 1393583 | C49: 46117.333 | D49: 46117.583 | E49: {=IF(B49="","",XLOOKUP($B49,Sheet2!$I:$I,Sheet2!$T:$T,""))} | F49: {=IF($B49="","",XLOOKUP($B49,Sheet2!$I:$I,Sheet2!$E:$E,""))} | G49: {=IF($B49="","",XLOOKUP($B49,Sheet2!$I:$I,Sheet2!$C:$C,""))} | H49: Al-wakeer | I49: 91 | J49: 212 | K49: 25.177796, 51.568866
A50: 49 | B50: 1387177 | C50: 46117.271 | D50: 46117.583 | E50: {=IF(B50="","",XLOOKUP($B50,Sheet2!$I:$I,Sheet2!$T:$T,""))} | F50: {=IF($B50="","",XLOOKUP($B50,Sheet2!$I:$I,Sheet2!$E:$E,""))} | G50: {=IF($B50="","",XLOOKUP($B50,Sheet2!$I:$I,Sheet2!$C:$C,""))} | H50: Umm slal / Khreteat | I50: 71 | J50: 71 | K50: 25.362609, 51.438724
A51: 50 | B51: 1428100 | C51: 46118.417 | D51: 46118.604 | E51: {=IF(B51="","",XLOOKUP($B51,Sheet2!$I:$I,Sheet2!$T:$T,""))} | F51: {=IF($B51="","",XLOOKUP($B51,Sheet2!$I:$I,Sheet2!$E:$E,""))} | G51: {=IF($B51="","",XLOOKUP($B51,Sheet2!$I:$I,Sheet2!$C:$C,""))} | H51: West Bay (Al-Doha Al-Hadetha) | I51: 74 | J51: 641 | K51: 25.674049, 51.506861
A52: 51 | B52: 1461962 | C52: 46118.292 | D52: 46118.583 | E52: {=IF(B52="","",XLOOKUP($B52,Sheet2!$I:$I,Sheet2!$T:$T,""))} | F52: {=IF($B52="","",XLOOKUP($B52,Sheet2!$I:$I,Sheet2!$E:$E,""))} | G52: {=IF($B52="","",XLOOKUP($B52,Sheet2!$I:$I,Sheet2!$C:$C,""))} | H52: Al-Mamoura - Ain Khaled - Al-K | I52: 56 | K52: 25.208042, 51.471174
A53: 52 | B53: 1232910 | C53: 46118.417 | D53: 46118.583 | E53: {=IF(B53="","",XLOOKUP($B53,Sheet2!$I:$I,Sheet2!$T:$T,""))} | F53: {=IF($B53="","",XLOOKUP($B53,Sheet2!$I:$I,Sheet2!$E:$E,""))} | G53: {=IF($B53="","",XLOOKUP($B53,Sheet2!$I:$I,Sheet2!$C:$C,""))} | H53: Industrial Area | I53: 57 | J53: 150 | K53: 25.187499, 51.422135
A54: 53 | B54: 1400098 | C54: 46119.312 | D54: 46119.604 | E54: {=IF(B54="","",XLOOKUP($B54,Sheet2!$I:$I,Sheet2!$T:$T,""))} | F54: {=IF($B54="","",XLOOKUP($B54,Sheet2!$I:$I,Sheet2!$E:$E,""))} | G54: {=IF($B54="","",XLOOKUP($B54,Sheet2!$I:$I,Sheet2!$C:$C,""))} | H54: Industrial Area | I54: 57 | J54: 110 | K54: 25.174587, 51.459798
A55: 54 | B55: 1374083 | C55: 46119.271 | D55: 46119.583 | E55: {=IF(B55="","",XLOOKUP($B55,Sheet2!$I:$I,Sheet2!$T:$T,""))} | F55: {=IF($B55="","",XLOOKUP($B55,Sheet2!$I:$I,Sheet2!$E:$E,""))} | G55: {=IF($B55="","",XLOOKUP($B55,Sheet2!$I:$I,Sheet2!$C:$C,""))} | H55: Al-wakeer | I55: 91 | J55: 237 | K55: 25.173701, 51.575650
A56: 55 | B56: 1374077 | C56: 46119.271 | D56: 46119.583 | E56: {=IF(B56="","",XLOOKUP($B56,Sheet2!$I:$I,Sheet2!$T:$T,""))} | F56: {=IF($B56="","",XLOOKUP($B56,Sheet2!$I:$I,Sheet2!$E:$E,""))} | G56: {=IF($B56="","",XLOOKUP($B56,Sheet2!$I:$I,Sheet2!$C:$C,""))} | H56: Al-wakeer | I56: 91 | J56: 200 | K56: 25.176149, 51.575787
A57: 56 | B57: 1009761 | C57: 46119.271 | D57: 46119.583 | E57: {=IF(B57="","",XLOOKUP($B57,Sheet2!$I:$I,Sheet2!$T:$T,""))} | F57: {=IF($B57="","",XLOOKUP($B57,Sheet2!$I:$I,Sheet2!$E:$E,""))} | G57: {=IF($B57="","",XLOOKUP($B57,Sheet2!$I:$I,Sheet2!$C:$C,""))} | H57: Industrial Area | I57: 57 | J57: 1 | K57: 25.211705, 51.419186
A58: 57 | B58: 1278138 | C58: 46120.312 | D58: 46120.604 | E58: {=IF(B58="","",XLOOKUP($B58,Sheet2!$I:$I,Sheet2!$T:$T,""))} | F58: {=IF($B58="","",XLOOKUP($B58,Sheet2!$I:$I,Sheet2!$E:$E,""))} | G58: {=IF($B58="","",XLOOKUP($B58,Sheet2!$I:$I,Sheet2!$C:$C,""))} | H58: Al Mamoura Ain khalid | I58: 56 | J58: 850 | K58: 25.206816, 51.450769
A59: 58 | B59: 1376624 | C59: 46120.312 | D59: 46120.604 | E59: {=IF(B59="","",XLOOKUP($B59,Sheet2!$I:$I,Sheet2!$T:$T,""))} | F59: {=IF($B59="","",XLOOKUP($B59,Sheet2!$I:$I,Sheet2!$E:$E,""))} | G59: {=IF($B59="","",XLOOKUP($B59,Sheet2!$I:$I,Sheet2!$C:$C,""))} | H59: Al soudan-S/Al Aziziya/Al Ghan | I59: 55 | J59: 950 | K59: 25.246034, 51.419635
A60: 59 | B60: 1353841 | C60: 46121.292 | D60: 46121.5 | E60: {=IF(B60="","",XLOOKUP($B60,Sheet2!$I:$I,Sheet2!$T:$T,""))} | F60: {=IF($B60="","",XLOOKUP($B60,Sheet2!$I:$I,Sheet2!$E:$E,""))} | G60: {=IF($B60="","",XLOOKUP($B60,Sheet2!$I:$I,Sheet2!$C:$C,""))} | H60: Umm slal / Khreteat | I60: 70 | J60: 162 | K60: 25.411933, 51.436157
A61: 60 | B61: 1353220 | C61: 46124.292 | D61: 46124.542 | E61: {=IF(B61="","",XLOOKUP($B61,Sheet2!$I:$I,Sheet2!$T:$T,""))} | F61: {=IF($B61="","",XLOOKUP($B61,Sheet2!$I:$I,Sheet2!$E:$E,""))} | G61: {=IF($B61="","",XLOOKUP($B61,Sheet2!$I:$I,Sheet2!$C:$C,""))} | H61: The Amire Area Murakh Nort | I61: 55 | J61: 150 | K61: 25.253558, 51.469956
A62: 61 | B62: 1353177 | C62: 46125.292 | D62: 46125.521 | E62: {=IF(B62="","",XLOOKUP($B62,Sheet2!$I:$I,Sheet2!$T:$T,""))} | F62: {=IF($B62="","",XLOOKUP($B62,Sheet2!$I:$I,Sheet2!$E:$E,""))} | G62: {=IF($B62="","",XLOOKUP($B62,Sheet2!$I:$I,Sheet2!$C:$C,""))} | H62: Al soudan-S/Al Aziziya/Al Ghan | I62: 55 | J62: 680 | K62: 25.226130, 51.412421
A63: 62 | B63: 906153 | C63: 46125.417 | D63: 46125.583 | E63: {=IF(B63="","",XLOOKUP($B63,Sheet2!$I:$I,Sheet2!$T:$T,""))} | F63: {=IF($B63="","",XLOOKUP($B63,Sheet2!$I:$I,Sheet2!$E:$E,""))} | G63: {=IF($B63="","",XLOOKUP($B63,Sheet2!$I:$I,Sheet2!$C:$C,""))} | H63: Al Rayan Al Jadeed North Moait | I63: 53 | J63: 850 | K63: 25.289614, 51.424029
A64: 63 | C64: 46125.292 | D64: 46125.583 | E64: {=IF(B64="","",XLOOKUP($B64,Sheet2!$I:$I,Sheet2!$T:$T,""))} | F64: {=IF($B64="","",XLOOKUP($B64,Sheet2!$I:$I,Sheet2!$E:$E,""))} | G64: {=IF($B64="","",XLOOKUP($B64,Sheet2!$I:$I,Sheet2!$C:$C,""))} | H64: Al-Kheesa | I64: 70 | J64: 235 | K64: 25.558135, 51.454165, 25.558302, 51.452178, 25.568316, 51.454808, 25.568130, 51.458017, 25.564260, 51.457492, 25.563476, 51.455354, 25.564943, 51.456620, 25.568600, 51.452035, 25.561626, 51.454730, 25.556123, 51.452692, 25.564542, 51.455633, 25.567953, 51.454716, 25.565475, 51.459026, 25.556394, 51.451014, 25.566456, 51.459834, 25.568259, 51.454861, 25.566825, 51.457216, 25.558197, 51.454345, 25.556003, 51.452617, 25.568604, 51.451981 | L64: -
A65: 64 | B65: 1388327 | C65: 46125.271 | D65: 46125.583 | E65: {=IF(B65="","",XLOOKUP($B65,Sheet2!$I:$I,Sheet2!$T:$T,""))} | F65: {=IF($B65="","",XLOOKUP($B65,Sheet2!$I:$I,Sheet2!$E:$E,""))} | G65: {=IF($B65="","",XLOOKUP($B65,Sheet2!$I:$I,Sheet2!$C:$C,""))} | H65: Industrial Area | I65: 57 | J65: 110 | K65: 25.183930, 51.453169
A66: 65 | B66: 1268118 | C66: 46126.312 | D66: 46126.604 | E66: {=IF(B66="","",XLOOKUP($B66,Sheet2!$I:$I,Sheet2!$T:$T,""))} | F66: {=IF($B66="","",XLOOKUP($B66,Sheet2!$I:$I,Sheet2!$E:$E,""))} | G66: {=IF($B66="","",XLOOKUP($B66,Sheet2!$I:$I,Sheet2!$C:$C,""))} | H66: Al Soudan-S/Al Aziziya/Al Ghan | I66: 55 | J66: 1214 | K66: 25.208316, 51.357247
A67: 66 | B67: 1427446 | C67: 46126.271 | D67: 46126.583 | E67: {=IF(B67="","",XLOOKUP($B67,Sheet2!$I:$I,Sheet2!$T:$T,""))} | F67: {=IF($B67="","",XLOOKUP($B67,Sheet2!$I:$I,Sheet2!$E:$E,""))} | G67: {=IF($B67="","",XLOOKUP($B67,Sheet2!$I:$I,Sheet2!$C:$C,""))} | H67: Al-Muntazha | I67: 24 | J67: 840 | K67: 25.269273, 51.516420
A68: 67 | B68: 1450682 | C68: 46126.458 | D68: 46126.625 | E68: {=IF(B68="","",XLOOKUP($B68,Sheet2!$I:$I,Sheet2!$T:$T,""))} | F68: {=IF($B68="","",XLOOKUP($B68,Sheet2!$I:$I,Sheet2!$E:$E,""))} | G68: {=IF($B68="","",XLOOKUP($B68,Sheet2!$I:$I,Sheet2!$C:$C,""))} | H68: Al-Mamoura - Ain Khaled - Al-K | I68: 56 | J68: 0 | K68: 25.205725, 51.464077
A69: 68 | B69: 1353177 | C69: 46127.292 | D69: 46127.542 | E69: {=IF(B69="","",XLOOKUP($B69,Sheet2!$I:$I,Sheet2!$T:$T,""))} | F69: {=IF($B69="","",XLOOKUP($B69,Sheet2!$I:$I,Sheet2!$E:$E,""))} | G69: {=IF($B69="","",XLOOKUP($B69,Sheet2!$I:$I,Sheet2!$C:$C,""))} | H69: Al Soudan-S/Al Aziziya/Al Ghan | I69: 55 | J69: 680 | K69: 25.226130, 51.412421
B70: 1450682 | C70: 46128.375 | D70: 46128.583 | E70: {=IF(B70="","",XLOOKUP($B70,Sheet2!$I:$I,Sheet2!$T:$T,""))} | F70: {=IF($B70="","",XLOOKUP($B70,Sheet2!$I:$I,Sheet2!$E:$E,""))} | G70: {=IF($B70="","",XLOOKUP($B70,Sheet2!$I:$I,Sheet2!$C:$C,""))} | H70: Al-Mamoura - Ain Khaled - Al-K | I70: 56 | J70: 0 | K70: 25.205725, 51.464077
A71: 69 | B71: 1425528 | C71: 46131.417 | D71: 46131.583 | E71: {=IF(B71="","",XLOOKUP($B71,Sheet2!$I:$I,Sheet2!$T:$T,""))} | F71: {=IF($B71="","",XLOOKUP($B71,Sheet2!$I:$I,Sheet2!$E:$E,""))} | G71: {=IF($B71="","",XLOOKUP($B71,Sheet2!$I:$I,Sheet2!$C:$C,""))} | H71: Al-wakeer | I71: 91 | J71: 201 | K71: 25.159417, 51.558249
A72: 70 | B72: 1364669 | C72: 46131.292 | D72: 46131.583 | E72: {=IF(B72="","",XLOOKUP($B72,Sheet2!$I:$I,Sheet2!$T:$T,""))} | F72: {=IF($B72="","",XLOOKUP($B72,Sheet2!$I:$I,Sheet2!$E:$E,""))} | G72: {=IF($B72="","",XLOOKUP($B72,Sheet2!$I:$I,Sheet2!$C:$C,""))} | H72: Al-gharrafa/Bani Hajer | I72: 51 | J72: 1460 | K72: 25.353308, 51.403374
A73: 71 | B73: 1376733 | C73: 46132.292 | D73: 46132.458 | E73: {=IF(B73="","",XLOOKUP($B73,Sheet2!$I:$I,Sheet2!$T:$T,""))} | F73: {=IF($B73="","",XLOOKUP($B73,Sheet2!$I:$I,Sheet2!$E:$E,""))} | G73: {=IF($B73="","",XLOOKUP($B73,Sheet2!$I:$I,Sheet2!$C:$C,""))} | H73: Al-Mamoura - Ain Khaled - Al-K | I73: 56 | J73: 990 | K73: 25.249220, 51.489672
A74: 72 | B74: 1284911 | C74: 46133.271 | D74: 46133.583 | E74: {=IF(B74="","",XLOOKUP($B74,Sheet2!$I:$I,Sheet2!$T:$T,""))} | F74: {=IF($B74="","",XLOOKUP($B74,Sheet2!$I:$I,Sheet2!$E:$E,""))} | G74: {=IF($B74="","",XLOOKUP($B74,Sheet2!$I:$I,Sheet2!$C:$C,""))} | H74: Al-Kheesa | I74: 70 | J74: 390 | K74: 25.624595, 51.485358
A75: 73 | B75: 1284912 | C75: 46133.271 | D75: 46133.583 | E75: {=IF(B75="","",XLOOKUP($B75,Sheet2!$I:$I,Sheet2!$T:$T,""))} | F75: {=IF($B75="","",XLOOKUP($B75,Sheet2!$I:$I,Sheet2!$E:$E,""))} | G75: {=IF($B75="","",XLOOKUP($B75,Sheet2!$I:$I,Sheet2!$C:$C,""))} | H75: Al-Kheesa | I75: 70 | J75: 390 | K75: 25.630185, 51.489041
A76: 74 | B76: 1284913 | C76: 46133.271 | D76: 46133.583 | E76: {=IF(B76="","",XLOOKUP($B76,Sheet2!$I:$I,Sheet2!$T:$T,""))} | F76: {=IF($B76="","",XLOOKUP($B76,Sheet2!$I:$I,Sheet2!$E:$E,""))} | G76: {=IF($B76="","",XLOOKUP($B76,Sheet2!$I:$I,Sheet2!$C:$C,""))} | H76: Al-Kheesa | I76: 70 | J76: 390 | K76: 25.630185, 51.489041
A77: 75 | B77: 1284914 | C77: 46133.271 | D77: 46133.583 | E77: {=IF(B77="","",XLOOKUP($B77,Sheet2!$I:$I,Sheet2!$T:$T,""))} | F77: {=IF($B77="","",XLOOKUP($B77,Sheet2!$I:$I,Sheet2!$E:$E,""))} | G77: {=IF($B77="","",XLOOKUP($B77,Sheet2!$I:$I,Sheet2!$C:$C,""))} | H77: Al-Kheesa | I77: 70 | J77: 390 | K77: 25.637457, 51.490405
A78: 76 | B78: 1331603 | C78: 46133.271 | D78: 46133.583 | E78: {=IF(B78="","",XLOOKUP($B78,Sheet2!$I:$I,Sheet2!$T:$T,""))} | F78: {=IF($B78="","",XLOOKUP($B78,Sheet2!$I:$I,Sheet2!$E:$E,""))} | G78: {=IF($B78="","",XLOOKUP($B78,Sheet2!$I:$I,Sheet2!$C:$C,""))} | H78: Al-Kheesa | I78: 70 | J78: 390 | K78: 25.634112, 51.490702
A79: 77 | B79: 1346206 | C79: 46133.271 | D79: 46133.583 | E79: {=IF(B79="","",XLOOKUP($B79,Sheet2!$I:$I,Sheet2!$T:$T,""))} -> ZA70-EXP0390-ITS-IFP-00068 | F79: {=IF($B79="","",XLOOKUP($B79,Sheet2!$I:$I,Sheet2!$E:$E,""))} -> ITS-FP-08 | G79: {=IF($B79="","",XLOOKUP($B79,Sheet2!$I:$I,Sheet2!$C:$C,""))} -> 51.488784 25.630043 | H79: Al-Kheesa | I79: 70 | J79: 390 | K79: 25.625396, 51.486813
A80: 78 | B80: 1346226 | C80: 46133.271 | D80: 46133.583 | E80: {=IF(B80="","",XLOOKUP($B80,Sheet2!$I:$I,Sheet2!$T:$T,""))} | F80: {=IF($B80="","",XLOOKUP($B80,Sheet2!$I:$I,Sheet2!$E:$E,""))} | G80: {=IF($B80="","",XLOOKUP($B80,Sheet2!$I:$I,Sheet2!$C:$C,""))} | H80: Al-Kheesa | I80: 70 | J80: 390 | K80: 25.630029, 51.488779
A81: 79 | B81: 1346227 | C81: 46133.271 | D81: 46133.583 | E81: {=IF(B81="","",XLOOKUP($B81,Sheet2!$I:$I,Sheet2!$T:$T,""))} | F81: {=IF($B81="","",XLOOKUP($B81,Sheet2!$I:$I,Sheet2!$E:$E,""))} | G81: {=IF($B81="","",XLOOKUP($B81,Sheet2!$I:$I,Sheet2!$C:$C,""))} | H81: Al-Kheesa | I81: 70 | J81: 390 | K81: 25.634486, 51.489622
A82: 80 | B82: 1348622 | C82: 46133.271 | D82: 46133.583 | E82: {=IF(B82="","",XLOOKUP($B82,Sheet2!$I:$I,Sheet2!$T:$T,""))} | F82: {=IF($B82="","",XLOOKUP($B82,Sheet2!$I:$I,Sheet2!$E:$E,""))} | G82: {=IF($B82="","",XLOOKUP($B82,Sheet2!$I:$I,Sheet2!$C:$C,""))} | H82: Al-Kheesa | I82: 70 | J82: 390 | K82: 25.631625, 51.488096
... A86: 85 | B86: 123370 | C86: 46133.458 | D86: 46133.542 | E86: {=IF(B86="","",XLOOKUP($B86,Sheet2!$I:$I,Sheet2!$T:$T,""))} | F86: {=IF($B86="","",XLOOKUP($B86,Sheet2!$I:$I,Sheet2!$E:$E,""))} | G86: {=IF($B86="","",XLOOKUP($B86,Sheet2!$I:$I,Sheet2!$C:$C,""))} | H86: Al-mamoura - Ain Khaled - Al-K | I86: 56 | J86: 271 | K86: 25.221676, 51.516195
A87: 86 | B87: 1289539 | C87: 46133.271 | D87: 46133.604 | E87: {=IF(B87="","",XLOOKUP($B87,Sheet2!$I:$I,Sheet2!$T:$T,""))} | F87: {=IF($B87="","",XLOOKUP($B87,Sheet2!$I:$I,Sheet2!$E:$E,""))} | G87: {=IF($B87="","",XLOOKUP($B87,Sheet2!$I:$I,Sheet2!$C:$C,""))} | H87: Al-Jemelea | I87: 73 | K87: 25.725725, 51.001881
A88: 87 | B88: 1429275 | C88: 46133.271 | D88: 46133.583 | E88: {=IF(B88="","",XLOOKUP($B88,Sheet2!$I:$I,Sheet2!$T:$T,""))} | F88: {=IF($B88="","",XLOOKUP($B88,Sheet2!$I:$I,Sheet2!$E:$E,""))} | G88: {=IF($B88="","",XLOOKUP($B88,Sheet2!$I:$I,Sheet2!$C:$C,""))} | H88: Al-Kheesa | I88: 70 | J88: 3031 | K88: 25.581423, 51.478143
A89: 88 | B89: 1429274 | C89: 46133.271 | D89: 46133.583 | E89: {=IF(B89="","",XLOOKUP($B89,Sheet2!$I:$I,Sheet2!$T:$T,""))} | F89: {=IF($B89="","",XLOOKUP($B89,Sheet2!$I:$I,Sheet2!$E:$E,""))} | G89: {=IF($B89="","",XLOOKUP($B89,Sheet2!$I:$I,Sheet2!$C:$C,""))} | H89: Al-Kheesa | I89: 70 | J89: 3314 | K89: 25.584673, 51.478248
A90: 89 | B90: 1284680 | C90: 46133.292 | D90: 46133.583 | E90: {=IF(B90="","",XLOOKUP($B90,Sheet2!$I:$I,Sheet2!$T:$T,""))} | F90: {=IF($B90="","",XLOOKUP($B90,Sheet2!$I:$I,Sheet2!$E:$E,""))} | G90: {=IF($B90="","",XLOOKUP($B90,Sheet2!$I:$I,Sheet2!$C:$C,""))} | H90: Al-kheesa | I90: 70 | J90: 235 | K90: 25.488715, 51.463983
A91: 90 | B91: 1284681 | C91: 46133.292 | D91: 46133.583 | E91: {=IF(B91="","",XLOOKUP($B91,Sheet2!$I:$I,Sheet2!$T:$T,""))} | F91: {=IF($B91="","",XLOOKUP($B91,Sheet2!$I:$I,Sheet2!$E:$E,""))} | G91: {=IF($B91="","",XLOOKUP($B91,Sheet2!$I:$I,Sheet2!$C:$C,""))} | H91: Al-kheesa | I91: 70 | J91: 235 | K91: 25.489508, 51.465720
A92: 91 | B92: 1284682 | C92: 46133.292 | D92: 46133.583 | E92: {=IF(B92="","",XLOOKUP($B92,Sheet2!$I:$I,Sheet2!$T:$T,""))} | F92: {=IF($B92="","",XLOOKUP($B92,Sheet2!$I:$I,Sheet2!$E:$E,""))} | G92: {=IF($B92="","",XLOOKUP($B92,Sheet2!$I:$I,Sheet2!$C:$C,""))} | H92: Al-kheesa | I92: 70 | J92: 235 | K92: 25.484792, 51.463862
A93: 92 | B93: 1284684 | C93: 46133.292 | D93: 46133.583 | E93: {=IF(B93="","",XLOOKUP($B93,Sheet2!$I:$I,Sheet2!$T:$T,""))} | F93: {=IF($B93="","",XLOOKUP($B93,Sheet2!$I:$I,Sheet2!$E:$E,""))} | G93: {=IF($B93="","",XLOOKUP($B93,Sheet2!$I:$I,Sheet2!$C:$C,""))} | H93: Al-kheesa | I93: 70 | J93: 235 | K93: 25.484799, 51.468505
A94: 93 | B94: 1284872 | C94: 46133.292 | D94: 46133.583 | E94: {=IF(B94="","",XLOOKUP($B94,Sheet2!$I:$I,Sheet2!$T:$T,""))} | F94: {=IF($B94="","",XLOOKUP($B94,Sheet2!$I:$I,Sheet2!$E:$E,""))} | G94: {=IF($B94="","",XLOOKUP($B94,Sheet2!$I:$I,Sheet2!$C:$C,""))} | H94: Al-kheesa | I94: 70 | J94: 235 | K94: 25.493949, 51.461341
A95: 94 | B95: 1284873 | C95: 46133.292 | D95: 46133.583 | E95: {=IF(B95="","",XLOOKUP($B95,Sheet2!$I:$I,Sheet2!$T:$T,""))} | F95: {=IF($B95="","",XLOOKUP($B95,Sheet2!$I:$I,Sheet2!$E:$E,""))} | G95: {=IF($B95="","",XLOOKUP($B95,Sheet2!$I:$I,Sheet2!$C:$C,""))} | H95: Al-kheesa | I95: 70 | J95: 235 | K95: 25.493675, 51.462918
A96: 95 | B96: 1331576 | C96: 46133.292 | D96: 46133.583 | E96: {=IF(B96="","",XLOOKUP($B96,Sheet2!$I:$I,Sheet2!$T:$T,""))} | F96: {=IF($B96="","",XLOOKUP($B96,Sheet2!$I:$I,Sheet2!$E:$E,""))} | G96: {=IF($B96="","",XLOOKUP($B96,Sheet2!$I:$I,Sheet2!$C:$C,""))} | H96: Al-kheesa | I96: 70 | J96: 235 | K96: 25.491941, 51.462716
A97: 96 | B97: 1345382 | C97: 46133.292 | D97: 46133.583 | E97: {=IF(B97="","",XLOOKUP($B97,Sheet2!$I:$I,Sheet2!$T:$T,""))} | F97: {=IF($B97="","",XLOOKUP($B97,Sheet2!$I:$I,Sheet2!$E:$E,""))} | G97: {=IF($B97="","",XLOOKUP($B97,Sheet2!$I:$I,Sheet2!$C:$C,""))} | H97: Al-kheesa | I97: 70 | J97: 235 | K97: 25.492019, 51.462716
A98: 97 | B98: 1348449 | C98: 46133.292 | D98: 46133.583 | E98: {=IF(B98="","",XLOOKUP($B98,Sheet2!$I:$I,Sheet2!$T:$T,""))} -> ZA70-EXP0235-ITS-IFP-00037 | F98: {=IF($B98="","",XLOOKUP($B98,Sheet2!$I:$I,Sheet2!$E:$E,""))} -> AKE-P02-ITS-FP15 | G98: {=IF($B98="","",XLOOKUP($B98,Sheet2!$I:$I,Sheet2!$C:$C,""))} -> 51.468959 25.484453 | H98: Al-kheesa | I98: 70 | J98: 235 | K98: 25.484459, 51.468955
A99: 98 | B99: 1348541 | C99: 46133.292 | D99: 46133.583 | E99: {=IF(B99="","",XLOOKUP($B99,Sheet2!$I:$I,Sheet2!$T:$T,""))} | F99: {=IF($B99="","",XLOOKUP($B99,Sheet2!$I:$I,Sheet2!$E:$E,""))} | G99: {=IF($B99="","",XLOOKUP($B99,Sheet2!$I:$I,Sheet2!$C:$C,""))} | H99: Al-kheesa | I99: 70 | J99: 235 | K99: 25.486599, 51.467441
... A126: 124 | B126: 1394094 | C126: 46145.292 | D126: 46145.458 | E126: {=IF(B126="","",XLOOKUP($B126,Sheet2!$I:$I,Sheet2!$T:$T,""))} | F126: {=IF($B126="","",XLOOKUP($B126,Sheet2!$I:$I,Sheet2!$E:$E,""))} | G126: {=IF($B126="","",XLOOKUP($B126,Sheet2!$I:$I,Sheet2!$C:$C,""))} | H126: Al-Wakra | I126: 90 | J126: 313 | K126: 25.162114, 51.607831
A127: 125
A128: 126 | E128: {=IF(B128="","",XLOOKUP($B128,Sheet2!$I:$I,Sheet2!$T:$T,""))} | F128: {=IF($B128="","",XLOOKUP($B128,Sheet2!$I:$I,Sheet2!$E:$E,""))} | G128: {=IF($B128="","",XLOOKUP($B128,Sheet2!$I:$I,Sheet2!$C:$C,""))}
E129: {=IF(B129="","",XLOOKUP($B129,Sheet2!$I:$I,Sheet2!$T:$T,""))} | F129: {=IF($B129="","",XLOOKUP($B129,Sheet2!$I:$I,Sheet2!$E:$E,""))} | G129: {=IF($B129="","",XLOOKUP($B129,Sheet2!$I:$I,Sheet2!$C:$C,""))}
...

Sheet Sheet2
A1: POINT_X | B1: POINT_Y | C1: GPs | D1: Zone Number | E1: Panel Tag at the field | F1: Relevant ITS | G1: SIRTI MENA SCOPE | H1: Survey Date | I1: KM meter Number | J1: Remarks | K1: Panrel Brand | L1: Main CB Rating | M1: Panel Condition (1 to 5) | N1: INSPECTOR | O1: Mounting Type | P1: Mounting Height (CM) | Q1: Contactor Capacity | R1: MCCB Manufacturer | S1: Model Number | T1: ASSET_TAG | U1: MXASSETNUM
A2: 51.444057 | B2: 25.155561 | C2: =A2&" "&B2 -> 51.444057 25.155561 | D2: 57 | E2: ITS- IFP-18 | F2: ENC-30/31 | G2: Y | H2: 46102 | I2: 1391195 | J2: ENC-30/31 conneceted to ITS-FP-18 | K2: schenider | M2: 3 | N2: Eric | O2: Floor Mounting | P2: 160 | Q2: 100A | R2: SIEMENS | S2: NSYPL1073G | T2: DA57-EXP2000-ITS-IFP-03202 | U2: 15717762
A3: 51.446099 | B3: 25.15252 | C3: =A3&" "&B3 -> 51.446099 25.15252 | D3: 91 | E3: ITS-FP-21 | F3: ENC-28,29 &31 | G3: Y | H3: 46072 | I3: 1376728 | J3: N/A | K3: Schneider Electric single door | L3: 100A | M3: 3 | N3: Eric | O3: Floor Mounting | P3: 160 | Q3: 100A | R3: SIEMENS | S3: NSYPL1073G | T3: WA91-SEC2020-ITS-IFP-03101 | U3: 15717763
A4: 51.471713 | B4: 25.16626 | C4: =A4&" "&B4 -> 51.471713 25.16626 | D4: 57 | E4: ITS- IFP-05602 | F4: ENC-57 | G4: Y | H4: 46102 | I4: N/A | J4: ENC-57 conneceted to ITS-FP | K4: schenider | M4: 3 | N4: Eric | O4: Floor Mounting | P4: 160 | Q4: 100A | R4: SIEMENS | S4: NSYPL1073G | T4: DA57-EXP2000-ITS-IFP-05602 | U4: 15717779
A5: 51.473238 | B5: 25.162045 | C5: =A5&" "&B5 -> 51.473238 25.162045 | D5: 91 | E5: ITS-FP-37 | F5: ENC-53,54 &51A | G5: Y | H5: 46084 | I5: 1376615 | J5: ATS on site | K5: Schneider Electric single door | L5: 100A | M5: 3 | N5: Eric | O5: Floor Mounting | P5: 160 | Q5: 100A | R5: SIEMENS | S5: NSYPL1073G | T5: WA91-EXP0490-ITS-IFP-05401 | U5: 15717780
A6: 51.492865 | B6: 25.172 | C6: =A6&" "&B6 -> 51.492865 25.172 | D6: 91 | E6: ITS-FP-51 | F6: ENC-80 | G6: Y | H6: 46077 | I6: 1376715 | J6: ATS on site | K6: Schneider Electric single door | L6: 100A | M6: 3 | N6: Eric | O6: Floor Mounting | P6: 160 | Q6: 100A | R6: SIEMENS | S6: NSYPL1073G | T6: WA91-SEC2028-ITS-IFP-08001 | U6: 15717782
A7: 51.490491 | B7: 25.174092 | C7: =A7&" "&B7 -> 51.490491 25.174092 | D7: 56 | E7: ITS-FP-53 | F7: ITS-FP-53 | G7: Y | H7: 46091 | I7: 1390958 | J7: ATS on site | K7: Schneider Electric single door | L7: 100A | M7: 2 | N7: Farooq | O7: Floor Mounting | P7: 160 | Q7: 100A | R7: SIEMENS | S7: NSYPL1073G | T7: RA56-EXP2000-ITS-IFP-07901 | U7: 15717783
A8: 51.430403 | B8: 25.150106 | C8: =A8&" "&B8 -> 51.430403 25.150106 | D8: 81 | E8: P0-FP-ITS-14 | F8: ENC-19 & 21 | G8: Y | H8: 46097 | I8: N/A | J8: ATS on site | K8: Schneider Electric single door | M8: 3 | N8: Patrick | O8: Floor Mounting | P8: 160 | Q8: 160A | R8: GE FD160 | S8: NSYPL1073G | T8: RA81-EXP2000-ITS-IFP-01901 | U8: 15725150
A9: 51.407408 | B9: 25.139912 | C9: =A9&" "&B9 -> 51.407408 25.139912 | D9: 1 | E9: ITS-IFP-00101 | F9: ENC-01 | G9: Y | H9: 46087 | I9: N/A | J9: ENC-01 conneceted to ITS-FP | K9: Schneider Electric single door | L9: 100A | M9: 2 | N9: Eric | O9: Floor Mounting | P9: 160 | Q9: 100A | R9: SIEMENS | S9: NSYPL1073G | T9: RA81-EXP2000-ITS-IFP-00101 | U9: 15725151
A10: 51.423713 | B10: 25.147197 | C10: =A10&" "&B10 -> 51.423713 25.147197 | D10: 81 | E10: ITS-FP-12 | F10: ENC-16&17 | G10: Y | H10: 46084 | I10: 1376735 | J10: ENC-16 ENC-17 conneceted to ITS-FP12, Have ATS | K10: Schneider Electric single door | L10: 100A | M10: 3 | N10: Eric | O10: Floor Mounting | P10: 160 | Q10: 100A | R10: SIEMENS | S10: NSYPL1073G | T10: RA81-EXP2000-ITS-IFP-01501 | U10: 15725152
A11: 51.414039 | B11: 25.142917 | C11: =A11&" "&B11 -> 51.414039 25.142917 | D11: 81 | E11: P10-FP-ITS-4 | F11: ENC-09 & 04 | G11: Y | H11: 46097 | I11: N/A | J11: ATS on site and Main MCB is connected to P0-FP-ITS-4A | K11: Schneider Electric single door | M11: 3 | N11: Patrick | O11: Floor Mounting | P11: 160 | Q11: 100A | R11: SIEMENS | S11: NSYPL1073G | T11: RA81-EXP2000-ITS-IFP-00302 | U11: 15725153
A12: 51.416448 | B12: 25.146288 | C12: =A12&" "&B12 -> 51.416448 25.146288 | D12: 81 | E12: ITS-FP-6 | F12: N/A | G12: Y | H12: 46087 | I12: 1376737 | J12: ATS on site | K12: Schneider Electric single door | L12: 100A | M12: 3 | N12: Eric | O12: Floor Mounting | P12: 160 | Q12: 100A | R12: SIEMENS | S12: NSYPL1073G | T12: RA81-EXP2000-ITS-IFP-01201 | U12: 15725154
A13: 51.416976 | B13: 25.1481 | C13: =A13&" "&B13 -> 51.416976 25.1481 | D13: 81 | E13: PO-ITS-FP-14 | F13: ENC 19 & 21 | G13: Y | H13: 46089 | I13: 1390965 | J13: N/A | K13: Schneider Electric single door | M13: 3 | N13: Eric | O13: Floor Mounting | P13: 160 | Q13: 100A | R13: SIEMENS | S13: NSYPL1073G | T13: RA81-SEC0200-ITS-IFP-01301 | U13: 15725155
A14: 51.419291 | B14: 25.144655 | C14: =A14&" "&B14 -> 51.419291 25.144655 | D14: 81 | E14: ITS-FP-01402 | F14: ENC-14 | G14: Y | H14: 46084 | I14: 1390496 | J14: N/A | K14: Schneider Electric single door | L14: 100A | M14: 3 | N14: Eric | O14: Floor Mounting | P14: 160 | Q14: 160A | R14: SIEMENS | S14: NSYPL1073G | T14: RA81-EXP2000-ITS-IFP-01402 | U14: 15725156
A15: 51.485952 | B15: 25.169957 | C15: =A15&" "&B15 -> 51.485952 25.169957 | D15: 91 | E15: ITS-FP-43 | F15: ENC 70 | G15: Y | H15: 46086 | I15: 1390961 | J15: Spare 32Amp 16nos | K15: Schneider Electric single door | L15: 100AMp | M15: 3 | N15: Farooq | O15: Floor Mounting | P15: 160 | Q15: 100A | R15: SIEMENS | S15: NSYPL1073G | T15: RA56-EXP2000-ITS-IFP4201 | U15: 15717598
A16: 51.344516 | B16: 25.324812 | C16: =A16&" "&B16 -> 51.344516 25.324812 | D16: 51 | E16: ITS-IFP-01 | F16: ENC-IEC-1/6 | G16: Y | H16: 46088 | I16: 1257811 | J16: ENC-IEC-1/6 CONNECTED TO ITS-FP01 | K16: Schinder | M16: 3 | N16: Eric | O16: Floor Mounting | P16: 160 | Q16: 80A | R16: SCHNEIDER | S16: NSYPL1073G | T16: RA53-PRM373-ITS-IFP-002 | U16: 16458013
A17: 51.346612 | B17: 25.324747 | C17: =A17&" "&B17 -> 51.346612 25.324747 | D17: 51 | E17: ITS- FP- 02 | F17: ENC22-PWA-5I | G17: Y | H17: 46103 | I17: 121138 | J17: ENC-22 /PWA-51 conneceted to ITS-FP | K17: schenider | M17: 3 | N17: Eric | O17: Floor Mounting | P17: 160 | Q17: 160A | R17: GE FD160 | S17: NSYPL1073G | T17: RA53-PRM373-ITS-IFP-003 | U17: 16458014
A18: 51.358676 | B18: 25.317458 | C18: =A18&" "&B18 -> 51.358676 25.317458 | D18: 53 | E18: ITS-FP-03 | F18: ENC-13&14 | G18: Y | H18: 46097 | I18: 1263839 | J18: N/A | K18: Schneider Electric single door | M18: 3 | N18: Yussuph | O18: Floor Mounting | P18: 160 | Q18: 100A | R18: SIEMENS | S18: NSYPL1073G | T18: RA53-PRM373-ITS-IFP-001 | U18: 16458028
A19: 51.558 | B19: 25.226469 | C19: =A19&" "&B19 -> 51.558 25.226469 | D19: 50 | E19: ITS-FP-10 | F19: N/A | G19: Y | H19: 46081 | I19: 1181333 | J19: N/A | K19: Schneider Electric single door | L19: 100A | M19: 3 | N19: Patrick | O19: Floor Mounting | P19: 160 | Q19: 100A | R19: SIEMENS | S19: NSYPL1073G | T19: DA50-EXP0270-ITS-IFP-02002 | U19: 16487688
A20: 51.562798 | B20: 25.228801 | C20: =A20&" "&B20 -> 51.562798 25.228801 | D20: 47 | E20: ITS-FP-13 | F20: ENC-25,26 &27 | G20: Y | H20: 46091 | I20: N/A | J20: N/A | K20: Schneider Electric single door | L20: 100A | M20: 3 | N20: Patrick | O20: Floor Mounting | P20: 160 | Q20: 100A | R20: SIEMENS | S20: NSYPL1073G | T20: DA47-EXP0270-ITS-IFP-02502 | U20: 16487689
A21: 51.468309 | B21: 25.165609 | C21: =A21&" "&B21 -> 51.468309 25.165609 | D21: 57 | E21: ITS-FP-32 | F21: ENC59 /ENC49A | G21: Y | H21: 46090 | I21: 1376618 | J21: ATS installed / CB 32A spare 16nos | K21: Schneider Single Door cabinet | L21: 100A/Siemens | M21: 3 | N21: Farooq | O21: Floor Mounting | P21: 160 | Q21: 100A | R21: SIEMENS | S21: NSYPL1073G | T21: DA57-EXP2000-ITS-IFP-04901 | U21: 15717614
A22: 51.470067 | B22: 25.170475 | C22: =A22&" "&B22 -> 51.470067 25.170475 | D22: 57 | E22: ITS-FP-34 | F22: ENC 60 & 25 | G22: Y | H22: 46088 | I22: N/A | J22: Sapre 32AMp 3nos,40AMp 1nos | K22: Schneider Single Door cabinet | L22: 100AMp | M22: 3 | N22: Farooq | O22: Floor Mounting | P22: 160 | Q22: 100a | R22: SIEMENS | S22: NSYPL1073G | T22: DA57-EXP0100-ITS-IFP-06002 | U22: 15717615
A23: 51.416771 | B23: 25.142396 | C23: =A23&" "&B23 -> 51.416771 25.142396 | D23: 91 | E23: ITS-FP-00601 | F23: N/A | G23: Y | H23: 46084 | I23: 1390497 | J23: ATS on site | K23: Schneider Electric single door | L23: 100A | M23: 2 | N23: Eric | O23: Floor Mounting | P23: 160 | Q23: 100A | R23: SIEMENS | S23: NSYPL1073G | T23: WA91-EXP2000-ITS-IFP-00601 | U23: 15717616
A24: 51.492833 | B24: 25.170045 | C24: =A24&" "&B24 -> 51.492833 25.170045 | D24: 91 | E24: ITS-FP-50 | F24: N/A | G24: Y | H24: 46077 | I24: 1376716 | J24: ATS on site | K24: Schneider Electric single door | L24: 100A | M24: 3 | N24: Eric | O24: Floor Mounting | P24: 160 | Q24: 100A | R24: SIEMENS | S24: NSYPL1073G | T24: WA91-SEC2028-ITS-IFP-08201 | U24: 15717617
A25: 51.494257 | B25: 25.174116 | C25: =A25&" "&B25 -> 51.494257 25.174116 | D25: 91 | E25: ITS-FP-52 | F25: ENC-81 | G25: Y | H25: 46098 | I25: N/A | J25: N/A | K25: Schneider Electric single door | M25: 3 | N25: Patrick | O25: Floor Mounting | P25: 160 | Q25: 100A | R25: SIEMENS | S25: NSYPL1073G | T25: WA91-EXP2000-ITS-IFP-08102 | U25: 15717618
A26: 51.427274 | B26: 25.146783 | C26: =A26&" "&B26 -> 51.427274 25.146783 | D26: 91 | E26: ITS-IFP-01701 | F26: N/A | G26: Y | H26: 46072 | I26: N/A | J26: ATS on site | K26: Schneider Electric single door | L26: 100A | M26: 3 | N26: Eric | O26: Floor Mounting | P26: 160 | Q26: 100A | R26: SIEMENS | S26: NSYPL1073G | T26: WA91-EXP2000-ITS-IFP-01701 | U26: 15717620
A27: 51.441019 | B27: 25.152775 | C27: =A27&" "&B27 -> 51.441019 25.152775 | D27: 91 | E27: ITS-FP-16 | F27: ENC-24 &24A | G27: Y | H27: 46084 | I27: N/A | J27: ATS on site | K27: Schneider | L27: 100A | M27: 3 | N27: Eric | O27: Floor Mounting | P27: 160 | Q27: 160A | R27: GE FD160 | S27: NSYPL1073G | T27: WA91-EXP2000-ITS-IFP-02601 | U27: 15717621
A28: 51.566582 | B28: 25.229503 | C28: =A28&" "&B28 -> 51.566582 25.229503 | D28: 50 | E28: ITS-FP-15 | F28: ENC-28 | G28: Y | H28: 46084 | I28: N/A | J28: N/A | K28: Schneider Electric single door | L28: 100A | M28: 3 | N28: Patrick | O28: Floor Mounting | P28: 160 | Q28: 160A | R28: GE FD160 | S28: NSYPL1073G | T28: DA50-EXP0270-ITS-IFP-02801 | U28: 16487690
A29: 51.570303 | B29: 25.230222 | C29: =A29&" "&B29 -> 51.570303 25.230222 | D29: 50 | E29: ITS-FP-16 | F29: N/A | G29: Y | H29: 46075 | I29: 1392801 | J29: N/A | K29: Shneider Electric single door | L29: 230A | M29: 3 | N29: Patrick | O29: Floor Mounting | P29: 160 | Q29: 100A | R29: SIEMENS | S29: NSYPL1073G | T29: DA50-EXP0270-ITS-IFP-02901 | U29: 16487691
A30: 51.386284 | B30: 25.312505 | C30: =A30&" "&B30 -> 51.386284 25.312505 | D30: 51 | E30: ITS-IFP-0002 | F30: ENC-1 ENC-2 | G30: Y | H30: 46088 | I30: N/A | J30: ENC-1 ENC- conneceted to ITS-FP0002 | K30: Schinder | M30: 3 | N30: Eric | O30: Floor Mounting | P30: 160 | Q30: 100A | R30: SIEMENS | S30: NSYPL1073G | T30: RA51-EXP0373-ITS-IFP-00102 | U30: 16487692
A31: 51.38368 | B31: 25.311931 | C31: =A31&" "&B31 -> 51.38368 25.311931 | D31: 53 | E31: N/A | F31: N/A | G31: N | H31: 46097 | I31: N/A | J31: N/A | K31: N/A | M31: N/A | N31: KHADAR | O31: N/A | P31: N/A | Q31: N/A | R31: N/A | S31: N/A | T31: RA53-PRM0373-ITS-IFP-0001 | U31: 16487693
A32: 51.379019 | B32: 25.31271 | C32: =A32&" "&B32 -> 51.379019 25.31271 | D32: 53 | E32: ITS- FP- 03 | F32: ENC -03/04/05 | G32: Y | H32: 46103 | I32: 1392799 | J32: ENC-03/04/04 conneceted to ITS-FP03 | K32: schenider | M32: 3 | N32: Eric | O32: Floor Mounting | P32: 160 | Q32: 100A | R32: SIEMENS | S32: NSYPL1073G | T32: RA53-EXP0373-ITS-IFP-00301 | U32: 16487694
A33: 51.366198 | B33: 25.315193 | C33: =A33&" "&B33 -> 51.366198 25.315193 | D33: 53 | E33: ITS-FP-04 | F33: ENC-6, 7&8 | G33: Y | H33: 46097 | I33: N/A | J33: N/A | K33: Schneider Electric single door | M33: 3 | N33: Yussuph | O33: Floor Mounting | P33: 160 | Q33: 160A | R33: GE FD160 | S33: NSYPL1073G | T33: RA53-EXP0373-ITS-IFP-00901 | U33: 16487695
A34: 51.371097 | B34: 25.314265 | C34: =A34&" "&B34 -> 51.371097 25.314265 | D34: 53 | E34: ITS- IFP-0004 | F34: ENC -06/08/09 | G34: Y | H34: 46103 | I34: 1170658 | J34: ENC--06/08/09 conneceted to ITS-FP0004 | K34: schenider | M34: 3 | N34: Eric | O34: Floor Mounting | P34: 160 | Q34: 100A | R34: SIEMENS | S34: NSYPL1073G | T34: RA53-EXP0373-ITS-IFP-00601 | U34: 16487696
A35: 51.362707 | B35: 25.317222 | C35: =A35&" "&B35 -> 51.362707 25.317222 | D35: 51 | E35: P04/ITS-FP-06 | F35: ENC 11 & 12 | G35: Y | H35: 46095 | I35: N/A | J35: Kaharama installed but still no power meter | K35: Schneider Electric single door | L35: 100 Amp | M35: 4 | N35: Farooq | O35: Floor Mounting | P35: 160 | Q35: 160A | R35: GE FD160 | S35: NSYPL1073G | T35: RA51-EXP0373-ITS-IFP-01101 | U35: 16487697
A36: 51.358933 | B36: 25.317274 | C36: =A36&" "&B36 -> 51.358933 25.317274 | D36: 53 | E36: N/A | F36: N/A | G36: N | H36: 46097 | I36: N/A | J36: N/A | K36: N/A | M36: N/A | N36: Yussuph | O36: N/A | P36: N/A | Q36: N/A | R36: N/A | S36: N/A | T36: RA53-PRM0373-ITS-IFP-0004 | U36: 16487698
A37: 51.361317 | B37: 25.316498 | C37: =A37&" "&B37 -> 51.361317 25.316498 | D37: 53 | E37: ITS-FP-05 | F37: ENC09&10 | G37: Y | H37: 46097 | I37: N/A | J37: N/A | K37: Schneider Electric single door | M37: 3 | N37: Yussuph | O37: Floor Mounting | P37: 160 | Q37: 160A | R37: GE FD160 | S37: NSYPL1073G | T37: RA53-PRM0373-ITS-IFP-0005 | U37: 16487699
A38: 51.355372 | B38: 25.320754 | C38: =A38&" "&B38 -> 51.355372 25.320754 | D38: 51 | E38: ITS-FP-03 | F38: N/A | G38: Y | H38: 46088 | I38: N//A | J38: NO WORKING ITS-FP-O3 | K38: Schinder | M38: 3 | N38: Eric | O38: Floor Mounting | P38: 160 | Q38: 100A | R38: SIEMENS | S38: NSYPL1073G | T38: RA51-PRM0373-ITS-IFP-0003 | U38: 16487700
A39: 51.45364 | B39: 25.157946 | C39: =A39&" "&B39 -> 51.45364 25.157946 | D39: 91 | E39: ITS-FP-24 | F39: ENC-39 | G39: Y | H39: 46085 | I39: 1390541 | J39: ATS on site | K39: Schneider Electric single door | L39: 100A | M39: 3 | N39: Eric | O39: Floor Mounting | P39: 160 | Q39: 100A | R39: SIEMENS | S39: NSYPL1073G | T39: WA91-EXP2000-ITS-IFP-03901 | U39: 15717639
A40: 51.352045 | B40: 25.317916 | C40: =A40&" "&B40 -> 51.352045 25.317916 | D40: 53 | E40: P04-ITS-FP-09 | F40: ENC-17 ENC-18 ENC-19 | G40: Y | H40: 46097 | I40: N/A | J40: NO KM NUMBER | K40: Schneider Electric single door | M40: 3 | N40: KHADAR | O40: Floor Mounting | P40: 160 | Q40: 100A | R40: SIEMENS | S40: NSYPL1073G | T40: RA53-EXP0621-ITS-IFP-01701 | U40: 16487701
A41: 51.353174 | B41: 25.321721 | C41: =A41&" "&B41 -> 51.353174 25.321721 | D41: 51 | E41: P04-ITS-FP-11 | F41: ENC-22 ENC-21 ENC-13 ENC-15 ENC-16 | G41: Y | H41: 46097 | I41: 1392797 | J41: N/A | K41: Schneider Electric single door | M41: 3 | N41: KHADAR | O41: Floor Mounting | P41: 160 | Q41: 100A | R41: SIEMENS | S41: NSYPL1073G | T41: RA51-EXP1755-ITS-IFP-01501 | U41: 16487702
A42: 51.350372 | B42: 25.322824 | C42: =A42&" "&B42 -> 51.350372 25.322824 | D42: 51 | E42: P04-ITS-FP-12 | F42: ENC-24 | G42: Y | H42: 46097 | I42: 1392796 | J42: N/A | K42: Schneider Electric single door | M42: 3 | N42: KHADAR | O42: Floor Mounting | P42: 160 | Q42: 100A | R42: SIEMENS | S42: NSYPL1073G | T42: RA51-EXP0373-ITS-IFP-02401 | U42: 16487703
A43: 51.355361 | B43: 25.324414 | C43: =A43&" "&B43 -> 51.355361 25.324414 | D43: 51 | E43: P04-ITS-FP-13 | F43: ENC-22 ENC-16 ENC-15A | G43: Y | H43: 46097 | I43: 1392795 | J43: N/A | K43: Schneider Electric single door | M43: 3 | N43: KHADAR | O43: Floor Mounting | P43: 160 | Q43: 100A | R43: SIEMENS | S43: NSYPL1073G | T43: RA51-EXP1755-ITS-IFP-01601 | U43: 16487704
A44: 51.346497 | B44: 25.323007 | C44: =A44&" "&B44 -> 51.346497 25.323007 | D44: 53 | E44: P04-ITS-FP-14 | F44: ENC-26 ENC-27 | G44: Y | H44: 46097 | I44: 1392851 | J44: N/A | K44: Schneider Electric single door | M44: 3 | N44: KHADAR | O44: Floor Mounting | P44: 160 | Q44: 100A | R44: SIEMENS | S44: NSYPL1073G | T44: RA53-EXP0373-ITS-IFP-02501 | U44: 16487705
A45: 51.343159 | B45: 25.325559 | C45: =A45&" "&B45 -> 51.343159 25.325559 | D45: 51 | E45: P04-ITS-FP-15 | F45: ENC-29 | G45: Y | H45: 46097 | I45: N/A | J45: NO INCOMING POWER KM-FP | K45: Schneider Electric single door | M45: 3 | N45: KHADAR | O45: Floor Mounting | P45: 160 | Q45: 100A | R45: SIEMENS | S45: NSYPL1073G | T45: RA51-EXP0373-ITS-IFP-02801 | U45: 16487706
A46: 51.336741 | B46: 25.329595 | C46: =A46&" "&B46 -> 51.336741 25.329595 | D46: 51 | E46: P04-ITS-FP-16 | F46: ENC-NO LABELING | G46: Y | H46: 46097 | I46: 13935390 | J46: N/A | K46: Schneider Electric single door | M46: 3 | N46: KHADAR | O46: Floor Mounting | P46: 160 | Q46: 100A | R46: SIEMENS | S46: NSYPL1073G | T46: RA51-EXP0373-ITS-IFP-03101 | U46: 16487707
A47: 51.333936 | B47: 25.331964 | C47: =A47&" "&B47 -> 51.333936 25.331964 | D47: 51 | E47: N/A | F47: N/A | G47: N | H47: 46095 | I47: N//A | J47: Still construction | K47: N/A | L47: 100A | M47: 4 | N47: Umair | O47: N/A | P47: N/A | Q47: N/A | R47: N/A | S47: N/A | T47: RA51-PRM0373-ITS-IFP-0008 | U47: 16487708
A48: 51.324373 | B48: 25.337448 | C48: =A48&" "&B48 -> 51.324373 25.337448 | D48: 51 | E48: N/A | F48: N/A | G48: N/A | H48: 46088 | I48: N/A | J48: ENC-3A conneceted to ITS-FP23 | K48: Schinder | M48: N/A | N48: Eric | O48: N/A | P48: N/A | Q48: N/A | R48: N/A | S48: N | T48: RA51-PRM0373-ITS-IFP-0009 | U48: 16487709
A49: 51.307097 | B49: 25.345367 | C49: =A49&" "&B49 -> 51.307097 25.345367 | D49: 80 | E49: N/A | F49: N/A | G49: N | H49: 46107 | I49: N/A | J49: Location not visible; feeder not | K49: N/A | M49: N/A | N49: Umair | O49: N/A | P49: N/A | Q49: N/A | R49: N/A | S49: N/A | T49: AS80-PRM0373-ITS-IFP-0001 | U49: 16487710
A50: 51.319454 | B50: 25.338741 | C50: =A50&" "&B50 -> 51.319454 25.338741 | D50: 53 | E50: P04/ITS-FP-19 | F50: ENC 45 & 46 & 47 & 48 | G50: Y | H50: 46095 | I50: 1392855 | J50: Spare CB 32Amp 14 nos, ATS on site | K50: Schneider Electric single door | L50: 100Amp | M50: 3 | N50: Farooq | O50: Floor Mounting | P50: 160 | Q50: 100A | R50: SIEMENS | S50: NSYPL1073G | T50: RA53-EXP0373-ITS-IFP-04501 | U50: 16487711
A51: 51.473607 | B51: 25.157996 | C51: =A51&" "&B51 -> 51.473607 25.157996 | D51: 91 | E51: ITS-FP-39 | F51: ENC-52 | G51: Y | H51: 46098 | I51: N/A | J51: ATS on site | K51: Schneider Electric single door | M51: 3 | N51: Patrick | O51: Floor Mounting | P51: 160 | Q51: 100A | R51: SIEMENS | S51: NSYPL1073G | T51: WA91-EXP0490-ITS-IFP-05203 | U51: 15717640
A52: 51.47341 | B52: 25.160955 | C52: =A52&" "&B52 -> 51.47341 25.160955 | D52: 91 | E52: ITS-FP-39 | F52: N/A | G52: Y | H52: 46056 | I52: 1390989 | J52: ATS on site | K52: Schneider Electric single door | L52: 100A | M52: 3 | N52: Eric | O52: Floor Mounting | P52: 160 | Q52: 160A | R52: GE FD160 | S52: NSYPL1073G | T52: WA91-EXP0490-ITS-IFP-05202 | U52: 15717641
A53: 51.418011 | B53: 25.141549 | C53: =A53&" "&B53 -> 51.418011 25.141549 | D53: 91 | E53: ITS-FP-02-5 | F53: ENC-4A | G53: Y | H53: 46097 | I53: N/A | J53: Kaharam on site but Meter not installed | K53: Schneider Electric single door | M53: 3 | N53: Patrick | O53: Floor Mounting | P53: 160 | Q53: 100A | R53: SIEMENS | S53: NSYPL1073G | T53: WA91-EXP2000-ITS-IFP-00702 | U53: 15717642
A54: 51.423454 | B54: 25.145096 | C54: =A54&" "&B54 -> 51.423454 25.145096 | D54: 91 | E54: ITS-FP-11 | F54: ENC-18A | G54: Y | H54: 46086 | I54: N/A | J54: ATS on site | K54: Schneider | L54: 100A | M54: 2 | N54: Eric | O54: Floor Mounting | P54: 160 | Q54: 100A | R54: SIEMENS | S54: NSYPL1073G | T54: WA91-EXP2000-ITS-IFP-01802 | U54: 15717643
A55: 51.493965 | B55: 25.176425 | C55: =A55&" "&B55 -> 51.493965 25.176425 | D55: 56 | E55: ITS-FP-54 | F55: ENC-86 | G55: Y | H55: 46086 | I55: N/A | J55: ATS on site | K55: Schneider Electric single door | L55: 100A | M55: 2 | N55: Farooq | O55: Floor Mounting | P55: 160 | Q55: 100A | R55: SIEMENS | S55: NSYPL1073G | T55: RA56-EXP2000-ITS-IFP-08301 | U55: 15717644
A56: 51.29818 | B56: 25.350593 | C56: =A56&" "&B56 -> 51.29818 25.350593 | D56: 80 | E56: P04/ITS-FP-21 | F56: ENC-53 & 52 | G56: Y | H56: 46094 | I56: 1392857 | J56: Spare 20 Amp 1 nos, 63 Amp 1 nos, 32 Amp 1 nos | K56: Schneider Electric single door | L56: 100 Amp | M56: 3 | N56: Farooq | O56: Floor Mounting | P56: 160 | Q56: 100A | R56: SIEMENS | S56: NSYPL1073G | T56: AS80-EXP0373-ITS-IFP-05201 | U56: 16487712
A57: 51.281253 | B57: 25.354112 | C57: =A57&" "&B57 -> 51.281253 25.354112 | D57: 80 | E57: P04/ITS-FP-23 | F57: ENC-58 & 59 | G57: Y | H57: 46094 | I57: N/A | J57: Spare 32Amp 16 nos, ATS no site | K57: Schneider Electric single door | L57: 100 Amp | M57: 3 | N57: Farooq | O57: Floor Mounting | P57: 160 | Q57: 100A | R57: SIEMENS | S57: NSYPL1073G | T57: AS80-EXP0373-ITS-IFP-05701 | U57: 16487713
A58: 51.291034 | B58: 25.352636 | C58: =A58&" "&B58 -> 51.291034 25.352636 | D58: 80 | E58: P04/ITS-FP-22 | F58: ENC-54 & 55 & 56 | G58: Y | H58: 46094 | I58: N/A | J58: Spare 80 Amp 1 nos, 63 Amp 1 nos, 32 Amp 1 nos, FP 22 Connected with FP 22A | K58: Schneider Electric single door | L58: 100Amp | M58: 3 | N58: Farooq | O58: Floor Mounting | P58: 160 | Q58: 100A | R58: SIEMENS | S58: NSYPL1073G | T58: AS80-EXP0373-ITS-IFP-05402 | U58: 16487714
A59: 51.261867 | B59: 25.358591 | C59: =A59&" "&B59 -> 51.261867 25.358591 | D59: 80 | E59: P40/ITS-FP-25 | F59: ENC 63 | G59: Y | H59: 46095 | I59: N/A | J59: Spare CB 32amp 17 nos, ATS on site | K59: Schneider Electric single door | L59: 100AMp | M59: 3 | N59: Farooq | O59: Floor Mounting | P59: 160 | Q59: 100A | R59: SIEMENS | S59: NSYPL1073G | T59: AS80-EXP0373-ITS-IFP-06302 | U59: 16487715
A60: 51.271285 | B60: 25.355707 | C60: =A60&" "&B60 -> 51.271285 25.355707 | D60: 80 | E60: P04/ITS-FP-24 | F60: ENC-59 & 60 & 61 & 62 | G60: Y | H60: 46094 | I60: 1392859 | J60: MTS is dmage | K60: Schneider Electric single door | L60: 100Amp | M60: 4 | N60: Farooq | O60: Floor Mounting | P60: 160 | Q60: 100A | R60: SIEMENS | S60: NSYPL1073G | T60: AS80-EXP0373-ITS-IFP-05901 | U60: 16487716
A61: 51.25492 | B61: 25.361299 | C61: =A61&" "&B61 -> 51.25492 25.361299 | D61: 80 | E61: P04/ITS-FP-26 | F61: ENC 67 | G61: Y | H61: 46095 | I61: N/A | J61: Spare CB 32 Amp 1 nos, 40AMp 1nos, 63 Amp 1nos | K61: Schneider Electric single door | L61: 100AMp | M61: 3 | N61: Farooq | O61: Floor Mounting | P61: 160 | Q61: 100A | R61: SIEMENS | S61: NSYPL1073G | T61: AS80-EXP0373-ITS-IFP-06401 | U61: 16487717
A62: 51.524057 | B62: 25.260813 | C62: =A62&" "&B62 -> 51.524057 25.260813 | D62: 40 | E62: ITS-FP-21 | F62: ENC 24 | G62: Y | H62: 46097 | I62: N/A | J62: Feeding from EX-TSC-06 Not in kharama | K62: Schneider Electric single door | M62: 3 | N62: Umair | O62: Floor Mounting | P62: 160 | Q62: 100A | R62: SIEMENS | S62: NSYPL1073G | T62: DA40-EXP0330-ITS-IFP-02401 | U62: 16487718
A63: 51.525804 | B63: 25.2674 | C63: =A63&" "&B63 -> 51.525804 25.2674 | D63: 24 | E63: ITS-FP-24 | F63: ENC 26 | G63: Y | H63: 46097 | I63: N/A | J63: Feeding from EX-TSC-06 Not in kharama | K63: Schneider Electric single door | M63: 3 | N63: Umair | O63: Floor Mounting | P63: 160 | Q63: 100A | R63: SIEMENS | S63: NSYPL1073G | T63: DA24-EXP0330-ITS-IFP-02601 | U63: 16487719
A64: 51.507014 | B64: 25.270264 | C64: =A64&" "&B64 -> 51.507014 25.270264 | D64: 39 | E64: ITS-FP-31A | F64: ENC-33,34,35 | G64: Y | H64: 46097 | I64: N/A | J64: Feeding From SLFP/Z39/5 | K64: Schneider Electric single door | M64: 3 | N64: Umair | O64: Floor Mounting | P64: 160 | Q64: 100A | R64: SIEMENS | S64: NSYPL1073G | T64: DA39-EXP0340-ITS-IFP-03302 | U64: 16487720
A65: 51.507002 | B65: 25.270256 | C65: =A65&" "&B65 -> 51.507002 25.270256 | D65: 39 | E65: ITS-FP-31 | F65: ENC-34,33,&35 | G65: Y | H65: 46091 | I65: N/A | J65: ITS-FP-31 MCB is connected to ITS-FP-31A | K65: Schneider Electric single door | L65: 100A | M65: 3 | N65: Patrick | O65: Floor Mounting | P65: 160 | Q65: 100A | R65: SIEMENS | S65: NSYPL1073G | T65: DA39-EXP0340-ITS-IFP-03301 | U65: 16487721
A66: 51.504768 | B66: 25.268384 | C66: =A66&" "&B66 -> 51.504768 25.268384 | D66: 40 | E66: N/A | F66: N/A | G66: N | H66: 46092 | I66: N/A | J66: NO ITS-FP Cabinet on iste | K66: N/A | L66: N/A | M66: N/A | N66: Patrick | O66: N/A | P66: N/A | Q66: N/A | R66: N/A | S66: N/A | T66: DA40-PRM0339-ITS-IFP-0001 | U66: 16487722
A67: 51.456589 | B67: 25.159032 | C67: =A67&" "&B67 -> 51.456589 25.159032 | D67: 91 | E67: ITS-FP-26 | F67: ENC-44,41A & 45A | G67: Y | H67: 46098 | I67: N/A | J67: N/A | K67: Schneider Electric single door | M67: 3 | N67: Patrick | O67: Floor Mounting | P67: 160 | Q67: 100A | R67: SIEMENS | S67: NSYPL1073G | T67: WA91-EXP2000-ITS-IFP-04102 | U67: 15717656
A68: 51.412684 | B68: 25.140266 | C68: =A68&" "&B68 -> 51.412684 25.140266 | D68: 91 | E68: ITS-IFP-00201 | F68: ENC-02 & 02A | G68: Y | H68: 46097 | I68: N/A | J68: Kharama is on site but Meter is not installed. | K68: Schneider Electric single door | M68: 3 | N68: Patrick | O68: Floor Mounting | P68: 160 | Q68: 100A | R68: SIEMENS | S68: NSYPL1073G | T68: WA91-EXP2000-ITS-IFP-00201 | U68: 15717657
A69: 51.49848 | B69: 25.177136 | C69: =A69&" "&B69 -> 51.49848 25.177136 | D69: 91 | E69: ITS-FP-55 | F69: ENC-87 | G69: Y | H69: 46077 | I69: 1390956 | J69: ATS on site | K69: Schneider Electric single door | L69: 100A | M69: 3 | N69: Eric | O69: Floor Mounting | P69: 160 | Q69: 100A | R69: SIEMENS | S69: NSYPL1073G | T69: WA91-EXP2000-ITS-IFP-08501 | U69: 15717658
A70: 51.497444 | B70: 25.17874 | C70: =A70&" "&B70 -> 51.497444 25.17874 | D70: 56 | E70: ITS-FP-56 | F70: ENC-86A,FP-54 & FP-01 | G70: Y | H70: 46086 | I70: 1376714 | J70: N/A | K70: Schneider Electric single door | L70: 100A | M70: 2 | N70: Farooq | O70: Floor Mounting | P70: 160 | Q70: 100A | R70: SIEMENS | S70: NSYPL1073G | T70: RA56-EXP2000-ITS-IFP-08401 | U70: 15717659
A71: 51.422279 | B71: 25.140848 | C71: =A71&" "&B71 -> 51.422279 25.140848 | D71: 91 | E71: ITS-FP-0901 | F71: N/A | G71: Y | H71: 46072 | I71: N/A | J71: N/A | K71: Schneider Electric single door | L71: 100A | M71: 3 | N71: Eric | O71: Floor Mounting | P71: 160 | Q71: 100A | R71: SIEMENS | S71: NSYPL1073G | T71: WA91-SEC2001-ITS-IFP-00801 | U71: 15717660
A72: 51.500579 | B72: 25.265854 | C72: =A72&" "&B72 -> 51.500579 25.265854 | D72: 40 | E72: ITS-FP-33 | F72: ENC-36,46,35 & UPS | G72: Y | H72: 46092 | I72: N/A | J72: N/A | K72: Schneider Electric single door | L72: 100A | M72: 3 | N72: Patrick | O72: Floor Mounting | P72: 160 | Q72: 100A | R72: SIEMENS | S72: NSYPL1073G | T72: DA40-EXP0340-ITS-IFP-03601 | U72: 16487723
A73: 51.515903 | B73: 25.276234 | C73: =A73&" "&B73 -> 51.515903 25.276234 | D73: 24 | E73: ITS-FP-34 | F73: ENC-39 &40 | G73: Y | H73: 46063 | I73: N/A | J73: N/A | K73: Schneider Electric single door | L73: 100A | M73: 2 | N73: Patrick | O73: Floor Mounting | P73: 160 | Q73: 100A | R73: SIEMENS | S73: NSYPL1073G | T73: DA24-EXP0340-ITS-IFP-03801 | U73: 16487724
A74: 51.51977 | B74: 25.219574 | C74: =A74&" "&B74 -> 51.51977 25.219574 | D74: 56 | E74: ITS-FP-01 | F74: ENC 01,02,03 | G74: Y | H74: 46090 | I74: N/A | J74: There is no kharama panel around | K74: Schneider Electric single door | L74: 100A | M74: 3 | N74: Umair | O74: Floor Mounting | P74: 160 | Q74: 100A | R74: SIEMENS | S74: NSYPL1073G | T74: RA56-EXP0271-ITS-IFP-00101 | U74: 16487725
A75: 51.580395 | B75: 25.233935 | C75: =A75&" "&B75 -> 51.580395 25.233935 | D75: 48 | E75: ITS-FP-19 | F75: ENC-35 | G75: Y | H75: 46075 | I75: 1392807 | J75: N/A | K75: Shneider Electric single door | L75: 200A | M75: 3 | N75: Patrick | O75: Floor Mounting | P75: 160 | Q75: 200A | R75: SIEMENS | S75: NSYPL1073G | T75: DA48-EXP0270-ITS-IFP-03501 | U75: 16487726
A76: 51.583977 | B76: 25.235782 | C76: =A76&" "&B76 -> 51.583977 25.235782 | D76: 48 | E76: ITS-IFP-03602 | F76: ENC-36,37,MOI | G76: Y | H76: 46075 | I76: N/A | J76: MCB power is connected from IFP-03601 Cabinet | K76: Shneider Electric single door | L76: 125A | M76: 3 | N76: Patrick | O76: Ground Mounting | P76: 160 | Q76: 100A | R76: SIEMENS | S76: NSYPL1073G | T76: DA48-EXP0270-ITS-IFP-03602 | U76: 16487727
A77: 51.522829 | B77: 25.219096 | C77: =A77&" "&B77 -> 51.522829 25.219096 | D77: 56 | E77: ITS-FP-02 | F77: ENC 04 | G77: Y | H77: 46086 | I77: N/A | J77: Feeding from ITS-FP-05 | K77: Schneider Electric single door | L77: 100A | M77: 3 | N77: Umair | O77: Floor Mounting | P77: 160 | Q77: 100A | R77: SIEMENS | S77: NSYPL1073G | T77: RA56-EXP0271-ITS-IFP-00401 | U77: 16487728
A78: 51.530632 | B78: 25.220196 | C78: =A78&" "&B78 -> 51.530632 25.220196 | D78: 56 | E78: P01/ITS-FP-03 | F78: ENC,05,06,07 | G78: Y | H78: 46092 | I78: N/A | J78: No Kharama is near the feeder cabin | K78: Schneider Electric single door | L78: 100A | M78: 3 | N78: Umair | O78: Floor Mounting | P78: 160 | Q78: 100A | R78: SIEMENS | S78: NSYPL1073G | T78: RA56-EXP0271-ITS-IFP-00502 | U78: 16487729
A79: 51.532522 | B79: 25.219937 | C79: =A79&" "&B79 -> 51.532522 25.219937 | D79: 56 | E79: ITS-FP-3A | F79: ENC-08 | G79: Y | H79: 46091 | I79: 1392785 | J79: Feeding to ENC-08, SIEMENS,40A | K79: SIEMENS | L79: 100A | M79: 3 | N79: Sanjeewa | O79: Floor Mounting | P79: 160 | Q79: 100A | R79: SIEMENS | S79: NSYPL1073G | T79: RA56-EXP0271-ITS-IFP-00501 | U79: 16487730
A80: 51.5364 | B80: 25.221034 | C80: =A80&" "&B80 -> 51.5364 25.221034 | D80: 50 | E80: Z50-SLFP-43 | F80: ENC-09,ENC-10,ENC-11 | G80: Y | H80: 46091 | I80: N/A | J80: Feeding to ENC-09(80A),ENC-10(40A),ENC-11(63A), SIEMENS | K80: SIEMENS | L80: 100A | M80: 3 | N80: Sanjeewa | O80: Floor Mounting | P80: 160 | Q80: 100A | R80: SIEMENS | S80: NSYPL1073G | T80: DA50-EXP0270-ITS-IFP-00901 | U80: 16487731
A81: 51.548502 | B81: 25.224982 | C81: =A81&" "&B81 -> 51.548502 25.224982 | D81: 46 | E81: ITS-FP-07 | F81: ENC-14,16,17 | G81: N | H81: 46091 | I81: 1392790 | J81: 4 outputs available. 3 outputs have labels, 1 output has no label, | K81: Schneider Electric single door | L81: 100A | M81: 3 | N81: Umair | O81: Floor Mounting | P81: 160 | Q81: 100A | R81: SIEMENS | S81: NSYPL1073G | T81: DA46-EXP0270-ITS-IFP-01602 | U81: 16487732
A82: 51.55266 | B82: 25.226145 | C82: =A82&" "&B82 -> 51.55266 25.226145 | D82: 46 | E82: ITS-FP-08 | F82: ENC-18 & 19 | G82: Y | H82: 46091 | I82: N/A | J82: FP08 Connected with FP08A, CB 32A Spare 15 No's- GND Missing, ATS on Site | K82: Schneider Electric single door | L82: 100A | M82: 3 | N82: Farooq | O82: Floor Mounting | P82: 160 | Q82: 100A | R82: SIEMENS | S82: NSYPL1073G | T82: DA46-EXP0270-ITS-IFP-01803 | U82: 16487733
A83: 51.54443 | B83: 25.224023 | C83: =A83&" "&B83 -> 51.54443 25.224023 | D83: 46 | E83: ITS-FP-06 | F83: ENC,12,13,15 | G83: Y | H83: 46091 | I83: N/A | J83: N/A | K83: Schneider Electric single door | L83: 100A | M83: 3 | N83: Umair | O83: Floor Mounting | P83: 160 | Q83: 100A | R83: SIEMENS | S83: NSYPL1073G | T83: DA46-EXP0270-ITS-IFP-01402 | U83: 16487734
A84: 51.481115 | B84: 25.169957 | C84: =A84&" "&B84 -> 51.481115 25.169957 | D84: 56 | E84: ITS-FP-14 | F84: ENC 72&76 | G84: Y | H84: 46094 | I84: 1241881 | J84: N//A | K84: schenider | M84: 3 | N84: KHADAR | O84: Floor Mounting | P84: 160 | Q84: 160A | R84: GE FD160 | S84: NSYPL1073G | T84: RA56-EXP2000-ITS-IFP-06801 | U84: 15717684
A85: 51.484854 | B85: 25.171845 | C85: =A85&" "&B85 -> 51.484854 25.171845 | D85: 56 | E85: ITS-FP-44 | F85: ENC 71 & 73 & 73A | G85: Y | H85: 46086 | I85: 1376720 | J85: Spare 32Amp 15nos | K85: Schneider Electric single door | L85: 100Amp | M85: 3 | N85: Farooq | O85: Floor Mounting | P85: 160 | Q85: 100A | R85: SIEMENS | S85: NSYPL1073G | T85: RA56-EXP2000-ITS-IFP-06901 | U85: 15717685
A86: 51.4492 | B86: 25.156364 | C86: =A86&" "&B86 -> 51.4492 25.156364 | D86: 91 | E86: ITS-FP-22 | F86: ENC-90 | G86: Y | H86: 46086 | I86: 1391196 | J86: N/A | K86: Schneider Electric single door | L86: 100A | M86: 3 | N86: Patrick | O86: Floor Mounting | P86: 160 | Q86: 100A | R86: SIEMENS | S86: NSYPL1073G | T86: WA91-EXP2000-ITS-IFP-03701 | U86: 15717687
A87: 51.442615 | B87: 25.158451 | C87: =A87&" "&B87 -> 51.442615 25.158451 | D87: 57 | E87: P10/ITS-FP-19 | F87: ENC32/ ENC33 ENC 25 | G87: Y | H87: 46090 | I87: 1376730 | J87: ATS installed /Main GND Cable Minning/CB 32A spare 15nos | K87: Schneider Single Door cabinet | L87: 100A/Siemens | M87: 3 | N87: Farooq | O87: Floor Mounting | P87: 160 | Q87: 100A | R87: SIEMENS | S87: NSYPL1073G | T87: DA57-SEC0150-ITS-IFP-03401 | U87: 15717688
A88: 51.459826 | B88: 25.160252 | C88: =A88&" "&B88 -> 51.459826 25.160252 | D88: 91 | E88: ITS-FP-28 | F88: ENC-45 | G88: Y | H88: 46084 | I88: 1376619 | J88: N/A | K88: Schneider Electric single door | L88: 100A | M88: 3 | N88: Eric | O88: Floor Mounting | P88: 160 | Q88: 100A | R88: SIEMENS | S88: NSYPL1073G | T88: WA91-EXP2000-ITS-IFP-04301 | U88: 15717708
A89: 51.477025 | B89: 25.168576 | C89: =A89&" "&B89 -> 51.477025 25.168576 | D89: 56 | E89: ITS-FP-41 | F89: ENC 67 & 67A | G89: Y | H89: 46088 | I89: 1376723 | J89: Spare 32AMp 16nos | K89: Schneider Electric single door | L89: 100AMp | M89: 3 | N89: Farooq | O89: Floor Mounting | P89: 160 | Q89: 100A | R89: SIEMENS | S89: NSYPL1073G | T89: RA56-EXP2000-ITS-IFP-06401 | U89: 15717709
A90: 51.486731 | B90: 25.172689 | C90: =A90&" "&B90 -> 51.486731 25.172689 | D90: 56 | E90: ITS-FP-46 | F90: ENC 74 & 74A | G90: Y | H90: 46086 | I90: 1376718 | J90: Spare 32AMp 16nos | K90: Schneider Electric single door | L90: 100Amp | M90: 3 | N90: Farooq | O90: Floor Mounting | P90: 160 | Q90: 100A | R90: SIEMENS | S90: NSYPL1073G | T90: RA56-EXP2000-ITS-IFP-07001 | U90: 15717710
A91: 51.500524 | B91: 25.178679 | C91: =A91&" "&B91 -> 51.500524 25.178679 | D91: 91 | E91: ITS-FP-57 | F91: ENC-86 & 87 | G91: Y | H91: 46098 | I91: N/A | J91: ATS on site | K91: Schneider Electric single door | M91: 3 | N91: Patrick | O91: Floor Mounting | P91: 160 | Q91: 100A | R91: SIEMENS | S91: NSYPL1073G | T91: WA91-EXP2000-ITS-IFP-08602 | U91: 15717711
A92: 51.44051 | B92: 25.154611 | C92: =A92&" "&B92 -> 51.44051 25.154611 | D92: 57 | E92: ITS-FP-17 | F92: ENC24 | G92: Y | H92: 46090 | I92: 1390545 | J92: ATS installed /Main GND Cable Minning/CB 32A spare 17nos | K92: Schneider Single Door cabinet | L92: 100A/Siemens | M92: 3 | N92: Farooq | O92: Floor Mounting | P92: 160 | Q92: 100A | R92: SIEMENS | S92: NSYPL1073G | T92: DA57-EXP2000-ITS-IFP-02401 | U92: 15717712
A93: 51.44892 | B93: 25.157979 | C93: =A93&" "&B93 -> 51.44892 25.157979 | D93: 57 | E93: ITS-FP-23 | F93: ENC 37 | G93: Y | H93: 46091 | I93: 1391197 | J93: ATS installed /Main GND Cable Minning/CB 32A spare 17nos | K93: Schneider Single Door cabinet | L93: 100A/Siemens | M93: 3 | N93: Farooq | O93: Floor Mounting | P93: 160 | Q93: 100A | R93: SIEMENS | S93: NSYPL1073G | T93: DA57-EXP2000-ITS-IFP-03601 | U93: 15717733
A94: 51.459113 | B94: 25.161751 | C94: =A94&" "&B94 -> 51.459113 25.161751 | D94: 91 | E94: P10/ITS-FP-27 | F94: ENC46 /ENC46A /MOI-SSD | G94: Y | H94: 46090 | I94: 1391199 | J94: ATS installed /Main GND Cable Minning/CB 32A spare 15nos | K94: Schneider Single Door cabinet | L94: 100A/Siemens | M94: 3 | N94: Farooq | O94: Floor Mounting | P94: 160 | Q94: 100A | R94: SIEMENS | S94: NSYPL1073G | T94: DA57-EXP2000-ITS-IFP-04501 | U94: 15717734
A95: 51.465754 | B95: 25.162484 | C95: =A95&" "&B95 -> 51.465754 25.162484 | D95: 91 | E95: ITS-FP-30 | F95: N/A | G95: Y | H95: 46079 | I95: 1390984 | J95: MOI-SSD connected to FP-30 cabinet and Have ATS | K95: Schneider Electric single door | L95: 100A | M95: 3 | N95: Eric | O95: Floor Mounting | P95: 160 | Q95: 100A | R95: SIEMENS | S95: NSYPL1073G | T95: WA91-EXP2000-ITS-IFP-04701 | U95: 15717735
A96: 51.46665 | B96: 25.164926 | C96: =A96&" "&B96 -> 51.46665 25.164926 | D96: 57 | E96: ITS-FP-31 | F96: ENC 49 /ENC57 | G96: Y | H96: 46090 | I96: 1376617 | J96: ATS installed / CB 32A spare 16nos | K96: Schneider Single Door cabinet | L96: 100A/Siemens | M96: 3 | N96: Farooq | O96: Floor Mounting | P96: 160 | Q96: 100A | R96: SIEMENS | S96: NSYPL1073G | T96: DA57-EXP2000-ITS-IFP-04801 | U96: 15717736
A97: 51.469153 | B97: 25.163824 | C97: =A97&" "&B97 -> 51.469153 25.163824 | D97: 91 | E97: ITS-FP-33 | F97: ENC-50 | G97: Y | H97: 46076 | I97: 1406662 | J97: N/A | K97: Schneider Electric single door | L97: 100A | M97: 3 | N97: Eric | O97: Floor Mounting | P97: 160 | Q97: 100A | R97: SIEMENS | S97: NSYPL1073G | T97: WA91-EXP2000-ITS-IFP-05001 | U97: 15717737
A98: 51.475912 | B98: 25.166142 | C98: =A98&" "&B98 -> 51.475912 25.166142 | D98: 91 | E98: ITS-FP-40 | F98: ENC-64,65 &65A | G98: Y | H98: 46084 | I98: 1376614 | J98: ATS on site | K98: Schneider Electric single door | L98: 100A | M98: 3 | N98: Eric | O98: Floor Mounting | P98: 160 | Q98: 100A | R98: SIEMENS | S98: NSYPL1073G | T98: WA91-EXP2000-ITS-IFP-06201 | U98: 15717738
A99: 51.488353 | B99: 25.176634 | C99: =A99&" "&B99 -> 51.488353 25.176634 | D99: 56 | E99: ITS-FP-47 | F99: ENC-77,78,94,74B &74 | G99: Y | H99: 46086 | I99: 1376717 | J99: ATS on site | K99: Schneider Electric single door | L99: 100A | M99: 2 | N99: Farooq | O99: Floor Mounting | P99: 160 | Q99: 100A | R99: SIEMENS | S99: NSYPL1073G | T99: RA56-SEC0300-ITS-IFP-07701 | U99: 15717739
A100: 51.439633 | B100: 25.160845 | C100: =A100&" "&B100 -> 51.439633 25.160845 | D100: 57 | E100: ITS-FP-20 | F100: ENC 35 & 32A | G100: Y | H100: 46098 | I100: N/A | J100: ATS Damage / log sheet holder missing / Spare CB 32A 15nos | K100: Schneider Electric single door | M100: 3 | N100: Farooq | O100: Floor Mounting | P100: 160 | Q100: 100A | R100: SIEMENS | S100: NSYPL1073G | T100: DA57-SEC0150-ITS-IFP-03502 | U100: 15717741
...
